場所,R,レース名,コース,AI順位,印,枠,番,馬名,騎手,調教師,AI指数,枠評,父,母父,生産者
京都,1,未勝利*,ダ1200,1,,4,7,イイクニパッション,内田博幸,深山雅史,33.8,-,ビッグアーサー,Birdstone,グローリーファーム
京都,1,未勝利*,ダ1200,2,,3,5,テルヴィセクス,団野大成,斉藤崇史,33.0,-,フォーウィールドライブ,ダンスインザダーク,錦岡牧場
京都,1,未勝利*,ダ1200,3,,1,1,サンブル,和田竜二,浜田多実,27.0,-,ナダル,Orpen,酒井牧場
京都,1,未勝利*,ダ1200,4,,8,15,ゲキシン,高杉吏麒,角田晃一,25.5,-,マテラスカイ,ノヴェリスト,坂東牧場
京都,1,未勝利*,ダ1200,5,,2,3,ディグニダドレアル,秋山稔樹,宮徹,20.6,-,サトノダイヤモンド,Saint Liam,社台ファーム
京都,1,未勝利*,ダ1200,6,,1,2,$ジャンシ,丸山元気,森秀行,19.8,-,More Than Ready,Forestry,Fred W. Hertrich lll & John D. Fielding
京都,1,未勝利*,ダ1200,7,,7,13,プレデンシア,菱田裕二,中尾秀正,19.4,○,ルヴァンスレーヴ,ダノンシャンティ,松本牧場
京都,1,未勝利*,ダ1200,8,,6,12,アーディアイリ,田山旺佑,緒方努,17.3,○,クリソベリル,フレンチデピュティ,岡田牧場
京都,1,未勝利*,ダ1200,9,,5,9,メモリーデイズ,松若風馬,畑端省吾,16.4,-,フィレンツェファイア,ダイワメジャー,天羽禮治
京都,1,未勝利*,ダ1200,10,,8,16,$スカイピア,西村淳也,前川恭子,11.7,-,Palace Pier,Dubawi,Ecurie Hunter Valley Mr Jean-Pierre-Joseph Dubois
京都,1,未勝利*,ダ1200,11,,7,14,アッチョンブリケ,斎藤新,小椋研介,11.2,○,マテラスカイ,ウォーエンブレム,目名太山口牧場
京都,1,未勝利*,ダ1200,12,,5,10,クィーンズローズ,田口貫太,大橋勇樹,10.0,-,モーリス,ローエングリン,今牧場
京都,1,未勝利*,ダ1200,13,,4,8,ピエナビバサンバ,荻野琢真,秋山真一,9.9,-,タワーオブロンドン,ディープインパクト,様似共栄牧場
京都,1,未勝利*,ダ1200,14,,6,11,ウシワカマル,柴田裕一,安達昭夫,8.6,○,マテラスカイ,シンボリクリスエス,ゼットステーブル
京都,1,未勝利*,ダ1200,15,,3,6,ラムールデュヴォン,亀田温心,堀内岳志,5.8,-,ミスチヴィアスアレックス,スマートファルコン,吉野政敏
京都,1,未勝利*,ダ1200,16,,2,4,ゴーゴーコクラ,森田誠也,牧田和弥,1.6,-,スクワートルスクワート,タイキシャトル,ストームファームコーポレーション
京都,2,未勝利*,芝1800,1,,4,5,アルヴァンドルード,西村淳也,池添学,42.4,○,モーリス,ディープインパクト,ノーザンファーム
京都,2,未勝利*,芝1800,2,,2,2,フィアスゲイル,荻野極,武幸四郎,40.4,○,ドレフォン,ダイワメジャー,ノーザンファーム
京都,2,未勝利*,芝1800,3,,6,9,チェリヴェント,吉村誠之,清水久詞,33.2,○,コントレイル,Successful Appeal,ノースヒルズ
京都,2,未勝利*,芝1800,4,,4,4,ルージュビバーチェ,菱田裕二,橋口慎介,32.5,○,ミスターメロディ,アグネスタキオン,ノーザンファーム
京都,2,未勝利*,芝1800,5,,7,10,マジックアロマ,古川吉洋,小栗実,29.0,○,ヘニーヒューズ,ネオユニヴァース,ノーザンファーム
京都,2,未勝利*,芝1800,6,,5,6,サウンドムーブ,団野大成,斉藤崇史,28.1,○,リアルスティール,スクリーンヒーロー,本間牧場
京都,2,未勝利*,芝1800,7,,6,8,ベルトナリテ,鮫島克駿,辻野泰之,26.9,○,サトノダイヤモンド,スウェプトオーヴァーボード,社台ファーム
京都,2,未勝利*,芝1800,8,,5,7,ハクアイノアール,松若風馬,今野貞一,23.1,○,サートゥルナーリア,Midnight Lute,高昭牧場
京都,2,未勝利*,芝1800,9,,1,1,ブラックジャック,永島まな,須貝尚介,21.2,○,ダノンスマッシュ,ジャイアントレッカー,辻牧場
京都,2,未勝利*,芝1800,10,,8,12,サーブルディアマン,田口貫太,坂口智康,19.6,-,サトノダイヤモンド,Tale of the Cat,追分ファーム
京都,2,未勝利*,芝1800,11,,7,11,ラップトップ,田山旺佑,小栗実,15.4,○,リオンリオン,ダンスインザダーク,土居牧場
京都,2,未勝利*,芝1800,12,,3,3,ヒロウッドテール,鮫島良太,河嶋宏樹,13.2,◎,カリフォルニアクローム,ロードカナロア,前川勝春
京都,2,未勝利*,芝1800,13,,8,13,マクローリン,富田暁,加藤公太,4.3,-,ヴァンゴッホ,Frankel,カナイシスタッド
京都,3,新馬,芝1200,1,,3,3,ケールハイム,高杉吏麒,福永祐一,39.2,○,エピファネイア,ディープインパクト,ノーザンファーム
京都,3,新馬,芝1200,2,,7,10,グラディオール,西村淳也,寺島良,33.8,-,リオンディーズ,ハーツクライ,ノーザンファーム
京都,3,新馬,芝1200,3,,7,11,オンザムービー,鮫島克駿,牧田和弥,33.2,-,サンダースノー,リアルインパクト,岡田牧場
京都,3,新馬,芝1200,4,,4,4,*ミヤフロント,森田誠也,斉藤崇史,25.1,-,Kingman,War Front,グランド牧場
京都,3,新馬,芝1200,5,,5,7,ヴィゴラスガイア,富田暁,武英智,24.1,-,リアルスティール,ヨハネスブルグ,桑田牧場
京都,3,新馬,芝1200,6,,8,12,ディアーモルタル,松若風馬,宮本博,21.1,-,ブリックスアンドモルタル,フジキセキ,ノーザンファーム
京都,3,新馬,芝1200,7,,5,6,リネアベルタ,吉村誠之,宮地貴稔,21.0,-,イスラボニータ,ジャングルポケット,岡田スタツド
京都,3,新馬,芝1200,8,,6,9,デルマリシリ,藤懸貴志,田中克典,19.7,-,ビッグアーサー,エイシンフラッシュ,白井牧場
京都,3,新馬,芝1200,9,,1,1,オンザマーチ,小沢大仁,今野貞一,17.9,-,フォーウィールドライブ,ディープインパクト,下河辺牧場
京都,3,新馬,芝1200,10,,2,2,リュシエル,国分優作,中尾秀正,17.1,○,ミスターメロディ,ブラックタイド,須崎牧場
京都,3,新馬,芝1200,11,,8,13,ミスマリーゴールド,酒井学,畑端省吾,14.4,-,ダノンスマッシュ,フジキセキ,ビクトリーホースランチ
京都,3,新馬,芝1200,12,,4,5,クククトルンナ,古川吉洋,大根田裕,13.4,-,タリスマニック,キングカメハメハ,カロッテファーム
京都,3,新馬,芝1200,13,,6,8,ニシノツネオ,河原田菜,堀内岳志,3.7,-,セイウンコウセイ,キンシャサノキセキ,タツヤファーム
京都,4,１勝ｸﾗｽ,ダ1400,1,★,4,8,モズケイスター,高杉吏麒,高柳大輔,56.1,-,モズアスコット,Uncle Mo,目黒牧場
京都,4,１勝ｸﾗｽ,ダ1400,2,,5,10,ハミルトン,鮫島克駿,高野友和,37.4,-,キズナ,Pivotal,谷川牧場
京都,4,１勝ｸﾗｽ,ダ1400,3,,6,12,プチプランス,西村淳也,藤岡健一,32.7,-,リアルスティール,Equal Stripes,スマイルファーム
京都,4,１勝ｸﾗｽ,ダ1400,4,,8,16,バルミラクル,鮫島良太,河嶋宏樹,30.0,-,マクフィ,フジキセキ,川島牧場
京都,4,１勝ｸﾗｽ,ダ1400,5,,2,3,ウォーターパラディ,菱田裕二,岡田稲男,29.1,-,ウォータービルド,サウスヴィグラス,三嶋牧場
京都,4,１勝ｸﾗｽ,ダ1400,6,,8,15,ケイアイブイスリー,和田竜二,平田修,28.2,-,ルヴァンスレーヴ,Smarty Jones,新冠橋本牧場
京都,4,１勝ｸﾗｽ,ダ1400,7,,7,13,キュードス,団野大成,荒川義之,25.8,○,ミスターメロディ,チチカステナンゴ,須崎牧場
京都,4,１勝ｸﾗｽ,ダ1400,8,,2,4,ヒデノブルースカイ,吉村誠之,梅田智之,24.6,-,ナダル,ディープインパクト,ヒサイファーム
京都,4,１勝ｸﾗｽ,ダ1400,9,,4,7,ニシノジェダイ,永島まな,宮本博,21.7,-,ゴールドドリーム,バトルライン,村上欽哉
京都,4,１勝ｸﾗｽ,ダ1400,10,,3,6,アンビシャスヨシノ,内田博幸,吉田直弘,17.8,-,アルアイン,スペシャルウィーク,春木ファーム
京都,4,１勝ｸﾗｽ,ダ1400,11,,1,2,ケイアイマウンガ,藤懸貴志,宮本博,15.6,-,マクフィ,Afleet Alex,新冠橋本牧場
京都,4,１勝ｸﾗｽ,ダ1400,12,,5,9,バレル,松若風馬,井上智史,13.9,-,シルバーステート,プリサイスエンド,高岸順一
京都,4,１勝ｸﾗｽ,ダ1400,13,,6,11,アシャカブラン,秋山稔樹,大根田裕,11.2,-,エスポワールシチー,カコイーシーズ,橋本牧場
京都,4,１勝ｸﾗｽ,ダ1400,14,,7,14,レオンバローズ,国分優作,渡辺薫彦,11.0,○,エピファネイア,ゼンノロブロイ,三嶋牧場
京都,4,１勝ｸﾗｽ,ダ1400,15,,1,1,ラピダリア,富田暁,吉田直弘,10.4,-,マジェスティックウォリアー,ヴァーミリアン,笠松牧場
京都,4,１勝ｸﾗｽ,ダ1400,16,,3,5,アスクアメージモア,古川奈穂,前川恭子,8.7,-,エピファネイア,キングカメハメハ,社台ファーム
京都,5,障害未勝利,ダ2910,1,★,1,1,レッドファーロ,西谷誠,松永幹夫,53.7,○,ハーツクライ,Orpen,社台牧場
京都,5,障害未勝利,ダ2910,2,,7,7,ネイチャーシップ,大江原圭,根本康広,45.4,◎,ゴールドシップ,アルデバラン2,元茂牧場
京都,5,障害未勝利,ダ2910,3,,6,6,シーク,小牧加矢,角田晃一,42.7,▼,キズナ,ボストンハーバー,土居牧場
京都,5,障害未勝利,ダ2910,4,,8,9,タマモロック,草野太郎,伊藤圭三,37.0,◎,ヘニーヒューズ,ハーツクライ,前田牧場
京都,5,障害未勝利,ダ2910,5,,2,2,グラニットピーク,坂口智康,田島俊明,34.9,◎,ダイワメジャー,Oasis Dream,ノーザンファーム
京都,5,障害未勝利,ダ2910,6,,8,8,アナザーエース,井上敏樹,宮徹,15.7,◎,ヤマカツエース,タバスコキャット,岡田牧場
京都,5,障害未勝利,ダ2910,7,,3,3,スマートルミエール,江田勇亮,高橋文雅,11.5,▼,ディープインパクト,ストラヴィンスキー,飛野牧場
京都,5,障害未勝利,ダ2910,8,,5,5,フォワードアゲン,上野翔,加藤和宏,9.5,○,ローズキングダム,グラスワンダー,信田牧場
京都,5,障害未勝利,ダ2910,9,,4,4,アナゴサン,黒岩悠,牧田和弥,8.7,-,ミッキーアイル,キングカメハメハ,松浦牧場
京都,6,新馬,芝2000,1,,6,6,ハバタクジユウニ,武豊,角田晃一,40.5,○,ダノンキングリー,Medicean,宮内牧場
京都,6,新馬,芝2000,2,,2,2,パラディオン,高杉吏麒,高柳大輔,38.2,○,レイデオロ,スペシャルウィーク,木村秀則
京都,6,新馬,芝2000,3,,5,5,ポッドリプル,菱田裕二,辻野泰之,35.6,○,コントレイル,Charm Spirit,市川フアーム
京都,6,新馬,芝2000,4,,7,7,ショウナンアンバー,吉村誠之,清水久詞,33.0,○,コントレイル,フジキセキ,天羽牧場
京都,6,新馬,芝2000,5,,4,4,タイセイスプリーム,田口貫太,西村真幸,28.0,◎,シルバーステート,High Chaparral,ノーザンファーム
京都,6,新馬,芝2000,6,,3,3,マコトエウロペ,古川吉洋,昆貢,21.6,○,サートゥルナーリア,ディープインパクト,宮内牧場
京都,6,新馬,芝2000,7,,1,1,オルン,松本大輝,宮地貴稔,19.9,○,ゴールドシップ,Platini,三石川上牧場
京都,6,新馬,芝2000,8,,8,9,スパルタンエックス,松若風馬,東田明士,16.4,-,ダノンプレミアム,ゼンノロブロイ,松本牧場
京都,6,新馬,芝2000,9,,8,8,マチュ,河原田菜,谷潔,1.8,-,ヘンリーバローズ,ケープブランコ,中島牧場
京都,7,１勝ｸﾗｽ,ダ1800,1,★,6,12,ドゥラエテルノ,武豊,武幸四郎,50.2,○,ドゥラメンテ,ハービンジャー,杵臼牧場
京都,7,１勝ｸﾗｽ,ダ1800,2,,2,3,$ゼンエスポワール,横山典弘,飯田祐史,37.3,-,Practical Joke,Scat Daddy,Stoneriggs Farm
京都,7,１勝ｸﾗｽ,ダ1800,3,,8,15,セボンサデッセ,菱田裕二,橋口慎介,35.5,○,ルヴァンスレーヴ,クロフネ,ノーザンファーム
京都,7,１勝ｸﾗｽ,ダ1800,4,,4,8,レヴァンテシチー,団野大成,佐々木晶,34.0,-,ルヴァンスレーヴ,Indygo Shiner,野坂牧場
京都,7,１勝ｸﾗｽ,ダ1800,5,,8,16,ソルナシエンテ,高杉吏麒,藤岡健一,32.7,○,ニューイヤーズデイ,サンデーサイレンス,ノーザンファーム
京都,7,１勝ｸﾗｽ,ダ1800,6,,3,6,サンディエゴ,吉村誠之,清水久詞,31.8,-,キズナ,City Zip,ノーザンファーム
京都,7,１勝ｸﾗｽ,ダ1800,7,,4,7,モレポブラーノ,石川裕紀,庄野靖志,27.6,-,マインドユアビスケッツ,ゼンノロブロイ,社台ファーム
京都,7,１勝ｸﾗｽ,ダ1800,8,,3,5,パーフェクト,和田竜二,松下武士,22.4,-,ヘニーヒューズ,ステイゴールド,白井牧場
京都,7,１勝ｸﾗｽ,ダ1800,9,,7,13,チャチャピンク,亀田温心,北出成人,19.7,○,リオンディーズ,クロフネ,千代田牧場
京都,7,１勝ｸﾗｽ,ダ1800,10,,5,10,サイモンシュバリエ,田口貫太,梅田智之,19.4,○,シニスターミニスター,ネオユニヴァース,ヤナガワ牧場
京都,7,１勝ｸﾗｽ,ダ1800,11,,2,4,クレスコドルフィン,富田暁,長谷川浩,15.0,-,クレスコグランド,ロードカナロア,浜本牧場
京都,7,１勝ｸﾗｽ,ダ1800,12,,6,11,イイデカンタロウ,松若風馬,北出成人,14.8,○,グァンチャーレ,ゴールドアリュール,山岡ファーム
京都,7,１勝ｸﾗｽ,ダ1800,13,,7,14,ダイシンラー,西塚洸二,梅田智之,13.6,○,サトノダイヤモンド,タイキシャトル,スマイルファーム
京都,7,１勝ｸﾗｽ,ダ1800,14,,5,9,トモジャシック,秋山稔樹,大根田裕,12.0,○,タリスマニック,エンパイアメーカー,畠山牧場
京都,7,１勝ｸﾗｽ,ダ1800,15,,1,2,テンエースワン,荻野琢真,大久保龍,10.8,-,ワールドエース,クロフネ,ノーザンファーム
京都,7,１勝ｸﾗｽ,ダ1800,16,,1,1,ウイングスオブラヴ,河原田菜,笹田和秀,4.4,-,ルーラーシップ,フジキセキ,藤原牧場
京都,8,２勝ｸﾗｽ,芝2200,1,★,2,2,$デルアヴァー,武豊,松永幹夫,58.3,◎,Frankel,Smart Strike,North Hills Co.
京都,8,２勝ｸﾗｽ,芝2200,2,,7,7,マトラコーニッシュ,団野大成,池添学,29.6,○,サートゥルナーリア,ジャングルポケット,猿倉牧場
京都,8,２勝ｸﾗｽ,芝2200,3,,5,5,クルミナーレ,荻野極,池江泰寿,28.6,-,ブラックタイド,フレンチデピュティ,ノーザンファーム
京都,8,２勝ｸﾗｽ,芝2200,4,,8,8,*サクソンジェンヌ,吉村誠之,高橋義忠,28.2,○,Saxon Warrior,Dark Angel,村上欽哉
京都,8,２勝ｸﾗｽ,芝2200,5,,1,1,パンデアスカル,小沢大仁,小椋研介,22.9,◎,モーリス,ステイゴールド,ノーザンファーム
京都,8,２勝ｸﾗｽ,芝2200,6,,6,6,プレイリードリーム,和田竜二,安達昭夫,17.8,-,ドリームジャーニー,メイショウオウドウ,天羽牧場
京都,8,２勝ｸﾗｽ,芝2200,7,,3,3,エルディアブロ,田山旺佑,佐々木晶,9.2,○,キングカメハメハ,ジャングルポケット,社台ファーム
京都,8,２勝ｸﾗｽ,芝2200,8,,4,4,イーサンアイ,鮫島良太,河嶋宏樹,8.7,○,キズナ,コロナドズクエスト,高瀬牧場
京都,9,白菊賞･1勝*,芝1600,1,★,7,8,コニーアイランド,西村淳也,中内田充,60.8,-,コントレイル,All American,ノーザンファーム
京都,9,白菊賞･1勝*,芝1600,2,★,7,9,メイショウハッケイ,武豊,本田優,52.3,-,ダイワメジャー,シニスターミニスター,三嶋牧場
京都,9,白菊賞･1勝*,芝1600,3,,6,6,バースデイフライト,和田竜二,新谷功一,43.9,-,コントレイル,War Front,千代田牧場
京都,9,白菊賞･1勝*,芝1600,4,,5,5,レディーゴール,団野大成,池添学,31.1,○,レイデオロ,Equal Stripes,下河辺牧場
京都,9,白菊賞･1勝*,芝1600,5,,8,11,マーゴットラヴミー,菱田裕二,小林真也,29.6,-,リアルスティール,War Front,レイクヴィラファーム
京都,9,白菊賞･1勝*,芝1600,6,,3,3,スウィートハピネス,高杉吏麒,北出成人,29.5,-,リアルインパクト,ワークフォース,平山牧場
京都,9,白菊賞･1勝*,芝1600,7,,6,7,エスティヴァリス,永島まな,高橋康之,24.3,-,マインドユアビスケッツ,Street Boss,社台ファーム
京都,9,白菊賞･1勝*,芝1600,8,,4,4,プレセピオ,鮫島克駿,笹田和秀,23.4,○,パドトロワ,エピファネイア,社台ファーム
京都,9,白菊賞･1勝*,芝1600,9,,1,1,ワイズギャング,古川吉洋,河嶋宏樹,21.3,○,ミスチヴィアスアレックス,クロフネ,丸幸小林牧場
京都,9,白菊賞･1勝*,芝1600,10,,2,2,ピカピカピロコ,松戸政也,井樋一也,3.9,○,エポカドーロ,トゥザグローリー,丸幸小林牧場
京都,9,白菊賞･1勝*,芝1600,11,,8,10,ベラジオレジーナ,川原正一,松浦聡志,1.8,-,フィレンツェファイア,ダイワメジャー,木村牧場
京都,10,花園Ｓ･3勝,ダ1800,1,★,6,12,ヒルノハンブルク,武豊,武英智,54.2,○,ナダル,ステイゴールド,目名共同トレーニングセンター
京都,10,花園Ｓ･3勝,ダ1800,2,,5,9,ペンナヴェローチェ,団野大成,須貝尚介,42.2,○,キズナ,エンパイアメーカー,千代田牧場
京都,10,花園Ｓ･3勝,ダ1800,3,,8,15,アーロンイメル,西村淳也,高橋一哉,35.4,○,パイロ,ダイワメジャー,田湯牧場
京都,10,花園Ｓ･3勝,ダ1800,4,,8,16,パシアンジャン,和田竜二,鈴木孝志,34.5,○,シニスターミニスター,ゴールドアリュール,前谷武志
京都,10,花園Ｓ･3勝,ダ1800,5,,1,2,ロードラビリンス,鮫島克駿,松下武士,33.9,-,ミッキーアイル,ロードカナロア,ケイアイファーム
京都,10,花園Ｓ･3勝,ダ1800,6,,7,14,マルチャレアル,吉村誠之,斉藤崇史,32.3,○,リアルインパクト,フレンチデピュティ,ノーザンファーム
京都,10,花園Ｓ･3勝,ダ1800,7,,2,3,メイショウフウドウ,西塚洸二,藤原英昭,32.0,-,シニスターミニスター,フジキセキ,藤原牧場
京都,10,花園Ｓ･3勝,ダ1800,8,,4,8,イデアイゴッソウ,横山典弘,小野次郎,26.9,-,サンダースノー,キングカメハメハ,中脇満
京都,10,花園Ｓ･3勝,ダ1800,9,,3,6,ベルウェザー,菱田裕二,茶木太樹,26.6,-,ニューイヤーズデイ,ディープインパクト,ノーザンファーム
京都,10,花園Ｓ･3勝,ダ1800,10,,7,13,レーウィン,高杉吏麒,上村洋行,26.3,○,ヘニーヒューズ,ディープスカイ,高昭牧場
京都,10,花園Ｓ･3勝,ダ1800,11,,6,11,サイモンブーケ,古川奈穂,梅田智之,23.8,○,ダイワメジャー,ロージズインメイ,ヤナガワ牧場
京都,10,花園Ｓ･3勝,ダ1800,12,,5,10,ワイドブリザード,松若風馬,佐藤悠太,21.6,○,カリフォルニアクローム,ディープインパクト,フジワラフアーム
京都,10,花園Ｓ･3勝,ダ1800,13,,1,1,$ジュタロウ,田口貫太,秋山真一,15.2,-,Arrogate,Mineshaft,Breffni Farm
京都,10,花園Ｓ･3勝,ダ1800,14,,2,4,ホルトバージ,小崎綾也,寺島良,13.4,-,キンシャサノキセキ,Zensational,谷川牧場
京都,10,花園Ｓ･3勝,ダ1800,15,,3,5,メイショウミカワ,富田暁,千田輝彦,10.4,-,ミッキーアイル,ホワイトマズル,林孝輝
京都,10,花園Ｓ･3勝,ダ1800,16,,4,7,サンライズグルーヴ,荻野極,前川恭子,9.2,-,マインドユアビスケッツ,サンライズペガサス,藤原牧場
京都,11,オータム,ダ1400,1,★,6,12,ジャスティンアース,武豊,杉山晴紀,50.5,-,キズナ,Bodemeister,三嶋牧場
京都,11,オータム,ダ1400,2,,8,15,ロードフロンティア,鮫島克駿,松下武士,35.0,-,ロードカナロア,Distorted Humor,ケイアイファーム
京都,11,オータム,ダ1400,3,,2,4,ビダーヤ,西村淳也,矢作芳人,33.4,-,リアルスティール,Singspiel,ノーザンファーム
京都,11,オータム,ダ1400,4,,4,8,$ノーブルロジャー,石川裕紀,吉岡辰弥,29.1,-,Palace Malice,More Than Ready,Candy Meadows LLC
京都,11,オータム,ダ1400,5,,3,5,ハッピーマン,高杉吏麒,寺島良,28.3,-,ダノンレジェンド,キングカメハメハ,桑田牧場
京都,11,オータム,ダ1400,6,,6,11,アンデスビエント,田口貫太,西園正都,25.0,-,ドレフォン,タートルボウル,ノーザンファーム
京都,11,オータム,ダ1400,7,,1,2,$アドバンスファラオ,丸山元気,森秀行,24.1,-,American Pharoah,Tiznow,John D. Gunther & American Pharoah Syndicate
京都,11,オータム,ダ1400,8,,5,9,コンティノアール,斎藤新,矢作芳人,20.9,-,ドレフォン,キングカメハメハ,レイクヴィラファーム
京都,11,オータム,ダ1400,9,,8,16,スターペスカオリ,長岡禎仁,石橋守,20.5,-,シニスターミニスター,バトルライン,村上欽哉
京都,11,オータム,ダ1400,10,,7,13,ライツフォル,団野大成,高橋義忠,19.8,○,ミッキーアイル,エンパイアメーカー,ノーザンファーム
京都,11,オータム,ダ1400,11,,1,1,ニシキギミッチー,古川吉洋,鈴木伸尋,19.3,-,ヘニーヒューズ,ディープインパクト,川島牧場
京都,11,オータム,ダ1400,12,,5,10,テイエムリステット,酒井学,秋山真一,15.9,-,モーリス,ネオユニヴァース,グランド牧場
京都,11,オータム,ダ1400,13,,2,3,カズプレスト,松本大輝,高柳大輔,14.6,-,カレンブラックヒル,Lemon Drop Kid,稲葉牧場
京都,11,オータム,ダ1400,14,,7,14,ロードラディウス,中井裕二,森田直行,13.2,○,ドレフォン,Frankel,ケイアイファーム
京都,11,オータム,ダ1400,15,,3,6,トータルクラリティ,小沢大仁,池添学,10.5,-,バゴ,スペシャルウィーク,ノーザンファーム
京都,11,オータム,ダ1400,16,,4,7,ベルダーイメル,富田暁,本田優,8.8,-,オルフェーヴル,スニッツェル,川島牧場
京都,12,京阪杯G3,芝1200,1,,8,18,ペアポルックス,松若風馬,梅田智之,44.1,-,キンシャサノキセキ,ディープインパクト,ASK STUD
京都,12,京阪杯G3,芝1200,2,,8,16,ヤマニンアルリフラ,団野大成,斉藤崇史,40.6,-,イスラボニータ,スウェプトオーヴァーボード,錦岡牧場
京都,12,京阪杯G3,芝1200,3,,6,12,ナムラクララ,武豊,長谷川浩,39.0,-,アドマイヤマーズ,Storm Cat,谷川牧場
京都,12,京阪杯G3,芝1200,4,,3,6,レイピア,鮫島克駿,中竹和也,39.0,○,タワーオブロンドン,エンパイアメーカー,富菜牧場
京都,12,京阪杯G3,芝1200,5,,6,11,エイシンフェンサー,川又賢治,吉村圭司,29.6,-,ファインニードル,エイシンサンディ,木田牧場
京都,12,京阪杯G3,芝1200,6,,4,7,$ジャスパークローネ,丸山元気,森秀行,27.5,-,Frosted,Kitten's Joy,Machmer Hall & Godolphin
京都,12,京阪杯G3,芝1200,7,,1,1,ルガル,西村淳也,杉山晴紀,26.4,-,ドゥラメンテ,New Approach,三嶋牧場
京都,12,京阪杯G3,芝1200,8,,5,10,エーティーマクフィ,富田暁,武英智,26.4,-,マクフィ,ハーツクライ,岡田牧場
京都,12,京阪杯G3,芝1200,9,,2,3,ショウナンザナドゥ,菱田裕二,松下武士,24.4,○,キズナ,Pulpit,ノーザンファーム
京都,12,京阪杯G3,芝1200,10,,7,14,クラスペディア,小崎綾也,河嶋宏樹,20.7,-,ミスターメロディ,アグネスタキオン,田端牧場
京都,12,京阪杯G3,芝1200,11,,5,9,カルチャーデイ,横山典弘,四位洋文,19.4,-,ファインニードル,マイネルラヴ,松田牧場
京都,12,京阪杯G3,芝1200,12,,2,4,ヨシノイースター,内田博幸,中尾秀正,18.9,○,ルーラーシップ,ゼンノロブロイ,ガーベラパークスタツド
京都,12,京阪杯G3,芝1200,13,,4,8,メイショウソラフネ,高杉吏麒,石橋守,18.1,-,モーリス,マンハッタンカフェ,太陽牧場
京都,12,京阪杯G3,芝1200,14,,3,5,ジャスティンスカイ,荻野極,友道康夫,17.5,○,キタサンブラック,Numerous,ノーザンファーム
京都,12,京阪杯G3,芝1200,15,,8,17,テイエムスパーダ,斎藤新,小椋研介,17.0,-,レッドスパーダ,アドマイヤコジーン,浦河小林牧場
京都,12,京阪杯G3,芝1200,16,,1,2,アブキールベイ,吉村誠之,坂口智康,16.0,-,ファインニードル,ハーツクライ,ダーレー・ジャパン・ファーム
京都,12,京阪杯G3,芝1200,17,,7,15,オタルエバー,荻野琢真,中竹和也,14.2,-,リオンディーズ,Redoute's Choice,レイクヴィラファーム
京都,12,京阪杯G3,芝1200,18,,7,13,モズメイメイ,国分恭介,前川恭子,10.5,-,リアルインパクト,Frankel,社台ファーム
東京,1,未勝利*,ダ1400,1,,2,3,ラインジーク,レーン,水野貴広,46.8,-,シニスターミニスター,クロフネ,日高大洋牧場
東京,1,未勝利*,ダ1400,2,,6,11,タイセイモノリス,マーカン,栗田徹,35.8,-,ゴールドドリーム,マイネルラヴ,荒井ファーム
東京,1,未勝利*,ダ1400,3,,4,7,レピュニット,プーシャ,宮田敬介,33.5,-,モズアスコット,フジキセキ,村下清志
東京,1,未勝利*,ダ1400,4,,7,14,シュピラー,菅原明良,高木登,28.1,○,サンダースノー,ストリートセンス,ディアレストクラブ
東京,1,未勝利*,ダ1400,5,,4,8,ブルーミーティア,横山武史,鈴木伸尋,27.2,-,モズアスコット,マジェスティックウォリアー,新井弘幸
東京,1,未勝利*,ダ1400,6,,3,5,マイネルテオドロス,佐々木大,菊川正達,24.5,-,ダノンバラード,アグネスデジタル,金石牧場
東京,1,未勝利*,ダ1400,7,,1,2,ラスエル,池添謙一,田村康仁,22.1,-,クリソベリル,Fastnet Rock,坂本智広
東京,1,未勝利*,ダ1400,8,,5,10,ソードスレイプニル,丹内祐次,鈴木慎太,15.8,-,インディチャンプ,クロフネ,安達牧場
東京,1,未勝利*,ダ1400,9,,8,16,ブライトラン,津村明秀,尾形和幸,14.5,-,マインドユアビスケッツ,キングカメハメハ,前田ファーム
東京,1,未勝利*,ダ1400,10,,6,12,ニシノトマラナイ,杉原誠人,矢野英一,12.8,-,ドレフォン,リーチザクラウン,村上欽哉
東京,1,未勝利*,ダ1400,11,,1,1,ヒナノムサシ,柴田善臣,本間忍,11.5,-,ミッキーアイル,タニノギムレット,市川フアーム
東京,1,未勝利*,ダ1400,12,,5,9,ライトアズフェザー,長浜鴻緒,千葉直人,10.0,-,アルアイン,ヴィクトワールピサ,チェスナットファーム
東京,1,未勝利*,ダ1400,13,,7,13,ニンジャトットリ,木幡育也,松永康利,3.5,○,ミッキーアイル,シンボリクリスエス,へいはた牧場
東京,1,未勝利*,ダ1400,14,,2,4,ニシノゲッパク,今村聖奈,伊藤伸一,2.7,-,セイウンコウセイ,クロフネ,フクオカファーム
東京,1,未勝利*,ダ1400,15,,8,15,$グリュック,石神深道,和田正一,0.9,-,Known Agenda,Tiznow,Virginia Moore & Terry & Beverly Steed
東京,1,未勝利*,ダ1400,16,,3,6,ヴィーナスキック,原優介,青木孝文,0.8,-,キセキ,アドマイヤコジーン,マルシチ牧場
東京,2,未勝利*,芝1600,1,★,6,8,アウダーシア,ルメール,手塚貴久,66.5,-,キズナ,ルーラーシップ,ノーザンファーム
東京,2,未勝利*,芝1600,2,★,3,3,ホワイトフレイムス,Ｃ．デム,吉岡辰弥,52.1,-,ポエティックフレア,ステイゴールド,ノーザンファーム
東京,2,未勝利*,芝1600,3,,8,13,ゴバド,マーカン,加藤征弘,36.7,-,トーセンラー,ノヴェリスト,社台ファーム
東京,2,未勝利*,芝1600,4,,4,4,ウインドオブヘヴン,横山武史,戸田博文,24.7,○,ロードカナロア,アドマイヤベガ,オリオンファーム
東京,2,未勝利*,芝1600,5,,7,10,ピルスナー,原優介,青木孝文,16.7,-,ベンバトル,ハーツクライ,ビッグレッドファーム
東京,2,未勝利*,芝1600,6,,5,7,フラワーフェアリー,丹内祐次,畠山吉宏,16.4,○,ヴァンセンヌ,フサイチコンコルド,岡田スタツド
東京,2,未勝利*,芝1600,7,,4,5,ツキノマバタキ,石橋脩,牧光二,14.0,○,エイシンフラッシュ,American Pharoah,社台ファーム
東京,2,未勝利*,芝1600,8,,8,12,ベルウッドバイオ,吉田豊,高橋文雅,10.6,-,ダノンスマッシュ,ハーツクライ,小泉牧場
東京,2,未勝利*,芝1600,9,,5,6,ロジキセキ,野中悠太,新開幸一,7.4,○,アドマイヤマーズ,フジキセキ,アイズスタッド
東京,2,未勝利*,芝1600,10,,6,9,エレクトロン,嶋田純次,佐藤吉勝,4.3,-,ビーチパトロール,マツリダゴッホ,ミルファーム
東京,2,未勝利*,芝1600,11,,7,11,$プルヴォワール,菅原明良,竹内正洋,3.4,-,Dabirsim,Green Tune,E.A.R.L. Haras de Grandcamp
東京,2,未勝利*,芝1600,12,,1,1,ジーティージェミル,遠藤汰月,伊藤伸一,2.3,○,ドリームバレンチノ,フサイチセブン,浦河日成牧場
東京,2,未勝利*,芝1600,13,,2,2,$レーヌシェーヌ,柴田大知,畠山吉宏,0.4,○,Kameko,King's Best,Mks Bloodstock
東京,3,未勝利*,ダ1600,1,★,6,12,ヴンダーバール,横山武史,斎藤誠,57.6,○,ナダル,オルフェーヴル,ノーザンファーム
東京,3,未勝利*,ダ1600,2,,7,13,ショウナンサイオウ,池添謙一,奥村武,34.4,-,ドレフォン,ディープインパクト,社台コーポレーション白老ファーム
東京,3,未勝利*,ダ1600,3,,2,4,ワールドブレイヴ,マーカン,宮田敬介,33.6,-,ワールドプレミア,クロフネ,隆栄牧場
東京,3,未勝利*,ダ1600,4,,5,10,マーゴットリック,丹内祐次,加藤士津,32.5,-,ゴールドドリーム,ルーラーシップ,富田牧場
東京,3,未勝利*,ダ1600,5,,2,3,マイネルオランチア,プーシャ,小手川準,25.8,-,スクリーンヒーロー,ロージズインメイ,金石牧場
東京,3,未勝利*,ダ1600,6,,4,7,ムーングレイル,三浦皇成,森一誠,24.5,-,ミッキーアイル,アドマイヤムーン,田中裕之
東京,3,未勝利*,ダ1600,7,,1,2,エコロガノン,菅原明良,矢野英一,21.4,-,マジェスティックウォリアー,ハーツクライ,坂牧場
東京,3,未勝利*,ダ1600,8,,6,11,ライフイズ,石橋脩,鈴木慎太,20.2,○,ガルボ,サウスヴィグラス,ヒダカフアーム
東京,3,未勝利*,ダ1600,9,,8,16,ホールドザデイ,木幡巧也,田中勝春,17.7,◎,ダノンスマッシュ,オルフェーヴル,宮内牧場
東京,3,未勝利*,ダ1600,10,,5,9,アオハルブルース,佐々木大,栗田徹,11.3,-,ゴールドドリーム,Flatter,石川牧場
東京,3,未勝利*,ダ1600,11,,3,5,アイファーサックス,長浜鴻緒,根本康広,9.2,-,ビーチパトロール,ステイゴールド,アースファーム
東京,3,未勝利*,ダ1600,12,,1,1,パワポケウォーズ,上里直汰,大和田成,7.9,-,リアルスティール,スクリーンヒーロー,坂本智広
東京,3,未勝利*,ダ1600,13,,8,15,オンマイビート,原優介,松山将樹,6.8,◎,ジャスタウェイ,カネヒキリ,前田ファーム
東京,3,未勝利*,ダ1600,14,,3,6,キタイノホシ,柴田大知,蛯名利弘,5.0,-,ワールドエース,タイキシャトル,築紫洋
東京,3,未勝利*,ダ1600,15,,4,8,マリブ,石神深道,和田正一,2.9,-,サトノジェネシス,ウインクリューガー,スピードフアーム
東京,3,未勝利*,ダ1600,16,,7,14,ウルヴァリン,遠藤汰月,伊藤伸一,1.2,-,ベストウォーリア,ネオユニヴァース,スカイビーチステーブル
東京,4,未勝利*,芝2000,1,★,1,1,サトノトリニティ,Ｃ．デム,池江泰寿,64.2,○,サトノダイヤモンド,El Corredor,ノーザンファーム
東京,4,未勝利*,芝2000,2,★,5,6,アイムイン,ルメール,加藤征弘,61.8,○,シルバーステート,キングカメハメハ,ノーザンファーム
東京,4,未勝利*,芝2000,3,,8,13,ファムクラジューズ,横山武史,黒岩陽一,48.4,-,ベンバトル,ディープインパクト,ビッグレッドファーム
東京,4,未勝利*,芝2000,4,,4,4,タイドグラフ,佐々木大,上原博之,37.9,◎,ブラックタイド,Frankel,社台ファーム
東京,4,未勝利*,芝2000,5,,7,10,エオリアンリッジ,松山弘平,尾関知人,33.9,○,アドマイヤマーズ,Dushyantor,ノーザンファーム
東京,4,未勝利*,芝2000,6,,7,11,アイアムコロンブス,丹内祐次,奥平雅士,32.4,○,スクリーンヒーロー,シンボリクリスエス,社台ファーム
東京,4,未勝利*,芝2000,7,,2,2,シャドウクライ,北村友一,杉山佳明,27.0,○,アドマイヤマーズ,クロフネ,社台ファーム
東京,4,未勝利*,芝2000,8,,8,12,タイキヴィグルーズ,横山琉人,大竹正博,16.3,-,ハービンジャー,オルフェーヴル,ビクトリーホースランチ
東京,4,未勝利*,芝2000,9,,6,9,ジェンブリッシュ,岩田康誠,加藤和宏,12.2,○,タリスマニック,ディープインパクト,エトルタファーム
東京,4,未勝利*,芝2000,10,,5,7,ブランニューホーム,黛弘人,深山雅史,11.6,○,フィエールマン,ストーミングホーム,ミルファーム
東京,4,未勝利*,芝2000,11,,4,5,オーキッドワン,武藤雅,水野貴広,9.2,◎,リオンディーズ,ゼンノロブロイ,本桐牧場
東京,4,未勝利*,芝2000,12,,6,8,ミサダメキメル,遠藤汰月,高橋文雅,4.8,○,アメリカンペイトリオット,エピファネイア,ミルファーム
東京,4,未勝利*,芝2000,13,,3,3,ソルトバーン,石神深道,和田雄二,3.1,○,ノーブルミッション,Mizzen Mast,日本中央競馬会日高育成牧場
東京,5,新馬,ダ1600,1,★,5,9,ストラーダ,Ｃ．デム,安田翔伍,57.3,-,ルヴァンスレーヴ,キングカメハメハ,下河辺牧場
東京,5,新馬,ダ1600,2,,5,10,*エジプシャンマウ,マーカン,武井亮,39.8,-,American Pharoah,Majestic Warrior,ノーザンファーム
東京,5,新馬,ダ1600,3,,3,6,イヌボウノキラメキ,プーシャ,国枝栄,37.4,-,ドレフォン,ディープインパクト,服部牧場
東京,5,新馬,ダ1600,4,,8,16,グリットウォリアー,岩田望来,高橋義忠,36.3,◎,マジェスティックウォリアー,キングカメハメハ,明治牧場
東京,5,新馬,ダ1600,5,,4,7,イネガラーブル,吉田隼人,久保田貴,34.4,-,ロードカナロア,Galileo,社台ファーム
東京,5,新馬,ダ1600,6,,6,11,ケファロニア,北村宏司,高柳瑞樹,29.3,○,ルヴァンスレーヴ,ゴールドアリュール,ノーザンファーム
東京,5,新馬,ダ1600,7,,2,3,シュヴァルツシルト,坂井瑠星,田島俊明,28.1,-,ミスチヴィアスアレックス,ワークフォース,前田ファーム
東京,5,新馬,ダ1600,8,,6,12,ゼフィリア,丹内祐次,岩戸孝樹,26.1,○,サンダースノー,エピファネイア,パカパカファーム
東京,5,新馬,ダ1600,9,,8,15,ドラリズム,津村明秀,武藤善則,20.2,◎,コパノリッキー,ネオユニヴァース,清水牧場
東京,5,新馬,ダ1600,10,,7,14,アスコットヴェール,佐々木大,竹内正洋,18.2,-,モズアスコット,Street Cry,恵比寿興業株式会社那須野牧場
東京,5,新馬,ダ1600,11,,3,5,タイセイエキサイト,原優介,青木孝文,16.7,-,アジアエクスプレス,アイルハヴアナザー,イワミ牧場
東京,5,新馬,ダ1600,12,,1,2,プラトニックガール,丸田恭介,田村康仁,16.0,-,イスラボニータ,ルーラーシップ,小島牧場
東京,5,新馬,ダ1600,13,,7,13,ノーブルクラウド,横山琉人,久保田貴,13.9,-,カレンブラックヒル,クロフネ,畠山牧場
東京,5,新馬,ダ1600,14,,2,4,マジョリカ,菊沢一樹,菊沢隆徳,13.8,-,リオンディーズ,アドマイヤベガ,高橋義浩
東京,5,新馬,ダ1600,15,,1,1,ケンブリッジルプス,長浜鴻緒,萱野浩二,8.9,-,ミッキーグローリー,ジャングルポケット,ケンブリッジバレー
東京,5,新馬,ダ1600,16,,4,8,アンシュウマト,岩部純二,中川公成,5.5,-,マクフィ,シンボリクリスエス,高村伸一
東京,6,新馬,芝1800,1,★,4,4,ゴーラッキー,ルメール,黒岩陽一,77.3,○,キタサンブラック,Fast Company,ノーザンファーム
東京,6,新馬,芝1800,2,★,3,3,ラヴズプレミアム,川田将雅,矢作芳人,74.9,◎,エピファネイア,ディープインパクト,ノーザンファーム
東京,6,新馬,芝1800,3,★,5,6,バステール,Ｃ．デム,斉藤崇史,60.5,○,キタサンブラック,Aldebaran,ノーザンファーム
東京,6,新馬,芝1800,4,★,1,1,ウルフマン,レーン,手塚貴久,59.6,○,フィエールマン,ウォーエンブレム,ノーザンファーム
東京,6,新馬,芝1800,5,,5,5,ハイランダー,プーシャ,萩原清,44.9,○,スワーヴリチャード,メイショウサムソン,社台ファーム
東京,6,新馬,芝1800,6,,8,11,ルナドロップ,横山和生,小野次郎,40.3,-,アメリカンペイトリオット,Nathaniel,アシュリンジャパン
東京,6,新馬,芝1800,7,,6,8,サンヴィクトワール,松山弘平,武井亮,40.1,○,ポエティックフレア,ハーツクライ,那須野
東京,6,新馬,芝1800,8,,2,2,アルファリラエ,戸崎圭太,田島俊明,39.9,○,ダノンスマッシュ,ステイゴールド,社台コーポレーション白老ファーム
東京,6,新馬,芝1800,9,,6,7,ホウオウロレンシア,菅原明良,高木登,29.4,○,ゴールドシップ,Congrats,岡田スタツド
東京,6,新馬,芝1800,10,,7,10,タイキアロハ,菊沢一樹,西田雄一,18.3,○,ラブリーデイ,モンテロッソ,ビクトリーホースランチ
東京,6,新馬,芝1800,11,,7,9,トリニタリオ,丹内祐次,勢司和浩,18.1,○,ウインブライト,ブラックタイド,ビッグレッドファーム
東京,6,新馬,芝1800,12,,8,12,ネクストドア,吉田豊,高橋文雅,11.0,-,ロジャーバローズ,Invincible Spirit,ケイズ
東京,7,１勝ｸﾗｽ,ダ1400,1,★,3,6,トレヴィ,レーン,木村哲也,80.8,-,スワーヴリチャード,Redattore,辻牧場
東京,7,１勝ｸﾗｽ,ダ1400,2,★,6,12,マクミランテソーロ,横山武史,田中剛,54.3,-,レッドファルクス,Cairo Prince,リョーケンファーム
東京,7,１勝ｸﾗｽ,ダ1400,3,,7,14,メッエフアパラ,坂井瑠星,辻哲英,41.4,○,エスポワールシチー,キングヘイロー,岩見牧場
東京,7,１勝ｸﾗｽ,ダ1400,4,,2,4,フィーチャリング,松山弘平,和田正一,34.6,-,ヘニーヒューズ,ステイゴールド,社台コーポレーション白老ファーム
東京,7,１勝ｸﾗｽ,ダ1400,5,,8,16,シュードタキライト,佐々木大,菊川正達,32.0,-,ウインブライト,タイキシャトル,岡田スタツド
東京,7,１勝ｸﾗｽ,ダ1400,6,,1,2,シュレン,菊沢一樹,千葉直人,21.5,-,ディーマジェスティ,エンパイアメーカー,二風谷ファーム
東京,7,１勝ｸﾗｽ,ダ1400,7,,5,9,エイミームーン,原優介,矢野英一,16.8,-,ポアゾンブラック,ゴールドアリュール,アサヒ牧場
東京,7,１勝ｸﾗｽ,ダ1400,8,,1,1,スノーホルンロード,石神深道,清水英克,15.8,-,ロードカナロア,クロフネ,服部牧場
東京,7,１勝ｸﾗｽ,ダ1400,9,,4,7,エルオレンス,柴田善臣,深山雅史,15.3,-,フォーウィールドライブ,ゼンノロブロイ,天羽禮治
東京,7,１勝ｸﾗｽ,ダ1400,10,,3,5,オーサムデアラー,北村友一,上原博之,13.7,-,マインドユアビスケッツ,サンデーサイレンス,社台ファーム
東京,7,１勝ｸﾗｽ,ダ1400,11,,4,8,エコロヴァルム,丹内祐次,小西一男,11.9,-,ロージズインメイ,デュランダル,岡田スタツド
東京,7,１勝ｸﾗｽ,ダ1400,12,,8,15,スパークインザアイ,武藤雅,小島茂之,10.8,-,ルーラーシップ,シンボリクリスエス,ノーザンファーム
東京,7,１勝ｸﾗｽ,ダ1400,13,,7,13,トルズイーガー,佐藤翔馬,伊藤圭三,8.1,○,マインドユアビスケッツ,スズカマンボ,グランド牧場
東京,7,１勝ｸﾗｽ,ダ1400,14,,5,10,ジェイエルバース,小林凌大,小西一男,8.1,-,マジェスティックウォリアー,サウスヴィグラス,グローリーファーム
東京,7,１勝ｸﾗｽ,ダ1400,15,,6,11,ジェイエルジェティ,石田拓郎,小西一男,4.0,-,デクラレーションオブウォー,ヨハネスブルグ,ナカノファーム
東京,7,１勝ｸﾗｽ,ダ1400,16,,2,3,アイファーリーベン,長浜鴻緒,的場均,3.4,-,アーネストリー,スパイキュール,加野牧場
東京,8,ベゴニア･1勝,芝1600,1,★,3,3,コルテオソレイユ,マーカン,佐藤悠太,59.4,-,ウインブライト,トーセンラー,エムエム、ヤマダファーム
東京,8,ベゴニア･1勝,芝1600,2,★,5,5,ドリームコア,レーン,萩原清,56.6,○,キズナ,ハービンジャー,ノーザンファーム
東京,8,ベゴニア･1勝,芝1600,3,★,6,6,コズミックボックス,ルメール,中舘英二,52.2,-,ブリックスアンドモルタル,ゼンノロブロイ,ノーザンファーム
東京,8,ベゴニア･1勝,芝1600,4,,2,2,ベネサルート,Ｃ．デム,渡辺薫彦,50.0,○,リオンディーズ,ダイワメジャー,ノーザンファーム
東京,8,ベゴニア･1勝,芝1600,5,,8,8,グロリアスマーチ,佐々木大,須貝尚介,44.2,-,モーリス,アグネスタキオン,追分ファーム
東京,8,ベゴニア･1勝,芝1600,6,,1,1,グランセレスト,三浦皇成,竹内正洋,42.3,○,モーリス,Pioneerof the Nile,下河辺牧場
東京,8,ベゴニア･1勝,芝1600,7,,4,4,ニシノエースサマ,バルザロ,鹿戸雄一,37.5,○,スワーヴリチャード,Sidney's Candy,ヤナガワ牧場
東京,8,ベゴニア･1勝,芝1600,8,,7,7,マイリトルヒーロー,坂井瑠星,高橋康之,37.3,-,イスラボニータ,Speightstown,上野正恵
東京,9,オリエＨ･2勝,芝2000,1,★,7,7,レイニング,ルメール,国枝栄,66.4,○,サートゥルナーリア,ディープインパクト,ノーザンファーム
東京,9,オリエＨ･2勝,芝2000,2,★,2,2,ログラール,Ｃ．デム,松永幹夫,51.7,○,モーリス,キングカメハメハ,ノーザンファーム
東京,9,オリエＨ･2勝,芝2000,3,,8,8,ボウウィンドウ,戸崎圭太,武井亮,44.8,-,サートゥルナーリア,ディープインパクト,ノーザンファーム
東京,9,オリエＨ･2勝,芝2000,4,,4,4,ビーオンザカバー,プーシャ,伊藤圭三,40.2,◎,ハービンジャー,キングカメハメハ,社台ファーム
東京,9,オリエＨ･2勝,芝2000,5,,3,3,クロシェットノエル,横山武史,戸田博文,30.2,○,ニューイヤーズデイ,ハービンジャー,新井昭二牧場
東京,9,オリエＨ･2勝,芝2000,6,,1,1,ルーチェロッサ,横山琉人,相沢郁,21.8,○,ビーチパトロール,トーセンダンス,岡田スタツド
東京,9,オリエＨ･2勝,芝2000,7,,6,6,ウインルピナス,松岡正海,鈴木伸尋,18.5,○,ゴールドシップ,ボストンハーバー,コスモヴューファーム
東京,9,オリエＨ･2勝,芝2000,8,,8,9,ミラーダカリエンテ,原優介,相沢郁,15.5,-,スクリーンヒーロー,アドマイヤコジーン,ビッグレッドファーム
東京,9,オリエＨ･2勝,芝2000,9,,5,5,ジャンビ,佐々木大,勢司和浩,11.9,○,スクリーンヒーロー,クロフネ,静内白井牧場
東京,10,アプロー･2勝,ダ1400,1,★,8,16,レッドアレグロ,ルメール,木村哲也,60.2,-,ロードカナロア,Scat Daddy,追分ファーム
東京,10,アプロー･2勝,ダ1400,2,,1,1,*ジーベック,坂井瑠星,矢作芳人,46.4,-,Gun Runner,More Than Ready,三嶋牧場
東京,10,アプロー･2勝,ダ1400,3,,4,8,シホノペルフェット,Ｃ．デム,寺島良,44.3,-,マジェスティックウォリアー,サクラバクシンオー,ノーザンファーム
東京,10,アプロー･2勝,ダ1400,4,,5,10,ダイシンリンク,戸崎圭太,森秀行,40.9,-,モーニン,フレンチデピュティ,ハシモトフアーム
東京,10,アプロー･2勝,ダ1400,5,,7,14,*オンザスクエア,石橋脩,上原佑紀,36.5,○,Vekoma,Liaison,社台コーポレーション白老ファーム
東京,10,アプロー･2勝,ダ1400,6,,2,4,スズカコーズ,木幡巧也,伊藤圭三,33.1,-,スズカコーズウェイ,サンデーサイレンス,稲原牧場
東京,10,アプロー･2勝,ダ1400,7,,6,11,ドントゥザムーン,菅原明良,高木登,31.4,-,カレンブラックヒル,フリオーソ,日西牧場
東京,10,アプロー･2勝,ダ1400,8,,8,15,ショウナンヤッホー,池添謙一,栗田徹,29.0,-,ニューイヤーズデイ,キングカメハメハ,ノーザンファーム
東京,10,アプロー･2勝,ダ1400,9,,5,9,フミサウンド,横山武史,鹿戸雄一,28.0,-,ジャスタウェイ,Redoute's Choice,ノーザンファーム
東京,10,アプロー･2勝,ダ1400,10,,3,6,ケンキョ,レーン,高橋文雅,27.8,-,ダノンレジェンド,ブライアンズタイム,村上欽哉
東京,10,アプロー･2勝,ダ1400,11,,3,5,カネショウレジェン,横山琉人,稲垣幸雄,26.8,-,ダノンレジェンド,フレンチデピュティ,斉藤英牧場
東京,10,アプロー･2勝,ダ1400,12,,2,3,フクチャントウメイ,岩田望来,加藤征弘,26.3,-,ストロングリターン,ハービンジャー,社台ファーム
東京,10,アプロー･2勝,ダ1400,13,,4,7,シャパリュ,三浦皇成,菊沢隆徳,25.1,-,スワーヴリチャード,シンボリクリスエス,追分ファーム
東京,10,アプロー･2勝,ダ1400,14,,7,13,サトノアルペジオ,バルザロ,大和田成,20.0,○,モーリス,ネオユニヴァース,ノーザンファーム
東京,10,アプロー･2勝,ダ1400,15,,1,2,ロイヤルダンス,丹内祐次,清水英克,16.5,-,ガルボ,マイネルセレクト,山岡ファーム
東京,10,アプロー･2勝,ダ1400,16,,6,12,ジューンポンポン,岩田康誠,和田勇介,12.5,-,マクフィ,アグネスタキオン,高昭牧場
東京,11,ウェルカ･3勝,芝2000,1,★,6,11,コルレオニス,レーン,友道康夫,62.5,○,レイデオロ,ファルブラヴ,ノーザンファーム
東京,11,ウェルカ･3勝,芝2000,2,★,5,9,ミッキーツインクル,川田将雅,中内田充,53.5,○,ドゥラメンテ,Astronomer Royal,ノーザンファーム
東京,11,ウェルカ･3勝,芝2000,3,,7,13,ソリダリティ,Ｃ．デム,西園翔太,46.9,○,ハーツクライ,Concorde's Tune,ノーザンファーム
東京,11,ウェルカ･3勝,芝2000,4,,2,4,パンジャ,戸崎圭太,金成貴史,37.5,○,ゴールドシップ,Kendargent,社台ファーム
東京,11,ウェルカ･3勝,芝2000,5,,8,15,ヴィレム,マーカン,藤原英昭,37.3,-,キズナ,Mizzen Mast,パカパカファーム
東京,11,ウェルカ･3勝,芝2000,6,,2,3,エセルフリーダ,武藤雅,武藤善則,37.3,○,キタサンブラック,ハービンジャー,社台ファーム
東京,11,ウェルカ･3勝,芝2000,7,,3,5,サダムオプシス,三浦皇成,平田修,33.2,○,ルーラーシップ,サムライハート,ノーザンファーム
東京,11,ウェルカ･3勝,芝2000,8,,4,7,ホウオウムサシ,プーシャ,蛯名正義,30.5,◎,ドゥラメンテ,ホワイトマズル,岡田スタツド
東京,11,ウェルカ･3勝,芝2000,9,,1,2,バトルハーデン,坂井瑠星,矢作芳人,26.5,○,ドゥラメンテ,Storm Cat,ノーザンファーム
東京,11,ウェルカ･3勝,芝2000,10,,8,16,ハーツコンチェルト,松山弘平,武井亮,26.3,-,ハーツクライ,Unbridled's Song,ハシモトフアーム
東京,11,ウェルカ･3勝,芝2000,11,,6,12,エリダヌス,丹内祐次,青木孝文,24.2,○,ゴールドシップ,ダノンシャンティ,ビッグレッドファーム
東京,11,ウェルカ･3勝,芝2000,12,,4,8,モズロックンロール,佐々木大,藤岡健一,23.9,◎,ビーチパトロール,マンハッタンカフェ,多田善弘
東京,11,ウェルカ･3勝,芝2000,13,,1,1,ウインオーディン,バルザロ,鹿戸雄一,18.2,○,エピファネイア,フジキセキ,コスモヴューファーム
東京,11,ウェルカ･3勝,芝2000,14,,7,14,ロジマンボ,岩田康誠,古賀慎明,16.8,○,ドゥラメンテ,ディープインパクト,ノーザンファーム
東京,11,ウェルカ･3勝,芝2000,15,,5,10,コスモシャングリラ,津村明秀,水野貴広,16.4,○,ハーツクライ,Monsun,ノーザンファーム
東京,11,ウェルカ･3勝,芝2000,16,,3,6,コスモフロイデ,柴田大知,天間昭一,3.7,○,コパノリッキー,ステイゴールド,折手牧場
東京,12,ＪＣG1,芝2400,1,★,8,16,$シンエンペラー,坂井瑠星,矢作芳人,79.8,◎,Siyouni,Galileo,Ecurie Des Monceaux
東京,12,ＪＣG1,芝2400,2,★,7,15,マスカレードボール,ルメール,手塚貴久,76.4,◎,ドゥラメンテ,ディープインパクト,社台ファーム
東京,12,ＪＣG1,芝2400,3,★,6,11,アドマイヤテラ,川田将雅,友道康夫,69.7,○,レイデオロ,ハーツクライ,ノーザンファーム
東京,12,ＪＣG1,芝2400,4,★,1,2,クロワデュノール,北村友一,斉藤崇史,54.4,○,キタサンブラック,Cape Cross,ノーザンファーム
東京,12,ＪＣG1,芝2400,5,,8,18,タスティエーラ,レーン,堀宣行,47.2,◎,サトノクラウン,マンハッタンカフェ,ノーザンファーム
東京,12,ＪＣG1,芝2400,6,,4,7,ダノンベルーガ,佐々木大,堀宣行,43.5,◎,ハーツクライ,Tizway,ノーザンファーム
東京,12,ＪＣG1,芝2400,7,,3,5,サンライズアース,池添謙一,石坂公一,43.3,◎,レイデオロ,マンハッタンカフェ,ノーザンファーム
東京,12,ＪＣG1,芝2400,8,,7,14,ダノンデサイル,戸崎圭太,安田翔伍,41.4,◎,エピファネイア,Congrats,社台ファーム
東京,12,ＪＣG1,芝2400,9,,2,3,コスモキュランダ,丹内祐次,加藤士津,40.3,○,アルアイン,Southern Image,ビッグレッドファーム
東京,12,ＪＣG1,芝2400,10,,1,1,ジャスティンパレス,Ｃ．デム,杉山晴紀,39.9,○,ディープインパクト,Royal Anthem,ノーザンファーム
東京,12,ＪＣG1,芝2400,11,,3,6,ホウオウビスケッツ,岩田康誠,奥村武,39.3,◎,マインドユアビスケッツ,ルーラーシップ,岡田スタツド
東京,12,ＪＣG1,芝2400,12,,6,12,ヨーホーレイク,岩田望来,友道康夫,35.6,○,ディープインパクト,フレンチデピュティ,ノーザンファーム
東京,12,ＪＣG1,芝2400,13,,7,13,ブレイディヴェーグ,マーカン,宮田敬介,32.8,◎,ロードカナロア,ディープインパクト,ノーザンファーム
東京,12,ＪＣG1,芝2400,14,,2,4,ディープモンスター,松山弘平,池江泰寿,30.5,○,ディープインパクト,Bellamy Road,矢野牧場
東京,12,ＪＣG1,芝2400,15,,8,17,ドゥレッツァ,プーシャ,尾関知人,25.0,◎,ドゥラメンテ,More Than Ready,ノーザンファーム
東京,12,ＪＣG1,芝2400,16,,5,10,シュトルーヴェ,菅原明良,堀宣行,24.0,○,キングカメハメハ,ディープインパクト,追分ファーム
東京,12,ＪＣG1,芝2400,17,,5,9,セイウンハーデス,津村明秀,橋口慎介,18.9,○,シルバーステート,マンハッタンカフェ,鮫川啓一
東京,12,ＪＣG1,芝2400,18,,4,8,$カランダガン,バルザロ,グラファ,5.3,◎,Gleneagles,Sinndar,Haras De S.A. Aga Khan Scea
