251214,中山,1, 1,未勝利*,ダ,1200,ホワイトナイル,牡,2,木幡巧也,56.0,牧光二,美,YGGホースクラブ,"Deerfield Farm (David and Loren Osborne) et al","American Pharoah","Happy Now",23110047,4,"Mr. Greeley",芦毛,1,-1,0,0,16,     0,     0, 0,   0.0,0,0625540101
251214,中山,1, 2,未勝利*,ダ,1200,トウシンライオット,牡,2,小林美駒,53.0,尾形和幸,美,サトー,服部牧場,フィレンツェファイア,フェアレディ,23103088,4,ハーツクライ,鹿毛,1,-1,0,0,16,     0,     0, 0,   0.0,0,0625540102
251214,中山,1, 3,未勝利*,ダ,1200,オンマイビート,牡,2,落合玄太,56.0,松山将樹,美,スリースターズレーシング,前田ファーム,ジャスタウェイ,グラマラススカイ,23100344,4,カネヒキリ,鹿毛,2,-1,0,0,16,   140,     0, 0,   0.0,0,0625540103
251214,中山,1, 4,未勝利*,ダ,1200,オダイ,牝,2,野中悠太,55.0,根本康広,美,サザンホールディング,鹿戸和幸,フォーウィールドライブ,ナリタアルテミス,23100892,4,ネオユニヴァース,黒鹿,2,-1,0,0,16,     0,     0, 0,   0.0,0,0625540104
251214,中山,1, 5,未勝利*,ダ,1200,ドングラミ,セ,2,小林脩斗,56.0,本間忍,美,ミルファーム,ミルファーム,カリフォルニアクローム,エンゲージリング,23106585,4,スウェプトオーヴァーボード,鹿毛,3,-1,0,0,16,     0,     0, 0,   0.0,0,0625540105
251214,中山,1, 6,未勝利*,ダ,1200,ベアゴーフォー,牡,2,松岡正海,56.0,杉浦宏昭,美,熊木浩,高昭牧場,シャンハイボビー,カレンシェリーメイ,23101712,4,ディープインパクト,鹿毛,3,-1,0,0,16,   196,     0, 0,   0.0,0,0625540106
251214,中山,1, 7,未勝利*,ダ,1200,チャンピオンホース,牡,2,荻野極,56.0,尾形和幸,美,古賀慎一,本桐牧場,ダノンスマッシュ,フュージョン,23100325,4,クロフネ,鹿毛,4,-1,0,0,16,     0,     0, 0,   0.0,0,0625540107
251214,中山,1, 8,未勝利*,ダ,1200,マインセーラ,牝,2,柴田大知,55.0,的場均,美,峰哲馬,荒谷輝和,アポロケンタッキー,カンタベリーセーラ,23102305,4,スクリーンヒーロー,栗毛,4,-1,0,0,16,     0,     0, 0,   0.0,0,0625540108
251214,中山,1, 9,未勝利*,ダ,1200,フクノエルデ,セ,2,江田照男,56.0,田中剛,美,福島祐子,ケイズ,スマートファルコン,マヤチャン,23100851,4,ロードカナロア,鹿毛,5,-1,0,0,16,    84,     0, 0,   0.0,0,0625540109
251214,中山,1,10,未勝利*,ダ,1200,ヘイスティハート,牡,2,石川裕紀,56.0,小笠倫弘,美,グリーンスウォード,メイタイファーム,フォーウィールドライブ,ビップコルベット,23104708,4,シニスターミニスター,青鹿,5,-1,0,0,16,   494,     0, 0,   0.0,0,0625540110
251214,中山,1,11,未勝利*,ダ,1200,クラウンプレゼンタ,牡,2,内田博幸,56.0,天間昭一,美,矢野恭裕,クラウン日高牧場,クラウンレガーロ,クラウンシトラス,23100795,4,スニッツェル,栗毛,6,-1,0,0,16,     0,     0, 0,   0.0,0,0625540111
251214,中山,1,12,未勝利*,ダ,1200,ラムールデュヴォン,牡,2,遠藤汰月,53.0,堀内岳志,美,松本智,吉野政敏,ミスチヴィアスアレックス,オレンジブリーズ,23109174,4,スマートファルコン,鹿毛,6,-1,0,0,16,    56,     0, 0,   0.0,0,0625540112
251214,中山,1,13,未勝利*,ダ,1200,ガルディーノ,牡,2,佐々木大,56.0,新開幸一,美,大塚亮一,村上欽哉,ダイワメジャー,ドロミティ,23105402,4,"Pure Prize",栗毛,7,-1,0,0,16,     0,     0, 0,   0.0,0,0625540113
251214,中山,1,14,未勝利*,ダ,1200,ヴェネチアンキング,牡,2,丹内祐次,56.0,伊藤圭三,美,星野隆男,社台ファーム,マジェスティックウォリアー,アルデンテ,23103320,4,エンパイアメーカー,鹿毛,7,-1,0,0,16,   780,   400, 0,   0.0,0,0625540114
251214,中山,1,15,未勝利*,ダ,1200,カセノソレイユ,牡,2,舟山瑠泉,53.0,鈴木伸尋,美,平川進,須崎牧場,アジアエクスプレス,デアリングプライド,23104154,4,ダイワメジャー,鹿毛,8,-1,0,0,16,     0,     0, 0,   0.0,0,0625540115
251214,中山,1,16,未勝利*,ダ,1200,ジュニアスウィート,牝,2,原優介,55.0,小手川準,美,ビリオンスター,服部牧場,マジェスティックウォリアー,テツナゴオ,23103084,4,ハーツクライ,栗毛,8,-1,0,0,16,     0,     0, 0,   0.0,0,0625540116
251214,中山,2, 1,未勝利*,芝,1200,パトリシア,牝,2,佐藤翔馬,52.0,杉浦宏昭,美,島川隆哉,エスティファーム,トーセンレーヴ,トーセンミネルバ,23105950,4,キングカメハメハ,栗毛,1,-1,0,0,16,     0,     0, 0,   0.0,0,0625540201
251214,中山,2, 2,未勝利*,芝,1200,ディサイドオンミー,牝,2,遠藤汰月,52.0,堀内岳志,美,塚本幹雄,社台ファーム,ベンバトル,ファビュラスセンス,23103518,4,グラスワンダー,鹿毛,1,-1,0,0,16,   330,     0, 0,   0.0,0,0625540202
251214,中山,2, 3,未勝利*,芝,1200,カシノプロスペリテ,牝,2,原田和真,55.0,蛯名利弘,美,柏木務,ケイズ,フィレンツェファイア,サンローレンス,23100842,4,スズカマンボ,青鹿,2,-1,0,0,16,     0,     0, 0,   0.0,0,0625540203
251214,中山,2, 4,未勝利*,芝,1200,シンデレラリバティ,牝,2,長岡禎仁,55.0,蛯名利弘,美,ミルファーム,ミルファーム,タリスマニック,タマサイ,23106594,4,トーセンホマレボシ,黒鹿,2,-1,0,0,16,   131,     0, 0,   0.0,0,0625540204
251214,中山,2, 5,未勝利*,芝,1200,モーニングダリア,牝,2,水沼元輝,52.0,土田稔,美,今朝光,前田ファーム,ミスチヴィアスアレックス,ジャストザハピネス,23100348,4,ハーツクライ,鹿毛,3,-1,0,0,16,     0,     0, 0,   0.0,0,0625540205
251214,中山,2, 6,未勝利*,芝,1200,ツルノマイハシ,牝,2,岩田望来,55.0,杉浦宏昭,美,小林善一,社台ファーム,モーリス,ブリッツアウェイ,23103528,4,ディープインパクト,栗毛,3,-1,0,0,16,   196,     0, 0,   0.0,0,0625540206
251214,中山,2, 7,未勝利*,芝,1200,アリアス,牝,2,菅原明良,55.0,高柳瑞樹,美,越村洋子,杵臼牧場,コントレイル,アンジェリック,23104857,4,シンボリクリスエス,青鹿,4,-1,0,0,16,   112,     0, 0,   0.0,0,0625540207
251214,中山,2, 8,未勝利*,芝,1200,ワディアルリヤハ,牝,2,戸崎圭太,55.0,田村康仁,美,吉田勝己,ノーザンファーム,"St Mark's Basilica",ワディハッタ,23107372,4,"Cape Cross",鹿毛,4,-1,0,0,16,   444,     0, 0,   0.0,0,0625540208
251214,中山,2, 9,未勝利*,芝,1200,ノブピースオブラブ,牡,2,Ｍ．デム,56.0,小島茂之,美,前田亘輝,エトルタファーム,"Dark Angel",カタールパワー,23105777,4,"Le Havre",鹿毛,5,-1,0,0,16,     0,     0, 0,   0.0,0,0625540209
251214,中山,2,10,未勝利*,芝,1200,ムーンシェイド,牝,2,木幡巧也,55.0,牧光二,美,KHレーシング,沼田照秋,ビッグアーサー,アリーペデ,23100258,4,タニノギムレット,鹿毛,5,-1,0,0,16,    75,     0, 0,   0.0,0,0625540210
251214,中山,2,11,未勝利*,芝,1200,エンカウンターベイ,牝,2,横山琉人,55.0,田中剛,美,ゴドルフィン,ダーレー・ジャパン・ファーム,ダノンスマッシュ,アゴベイ,23101101,4,ハーツクライ,黒鹿,6,-1,0,0,16,     0,     0, 0,   0.0,0,0625540211
251214,中山,2,12,未勝利*,芝,1200,ジャスフォール,牡,2,佐々木大,56.0,上原佑紀,美,ディアレストクラブ,高松牧場,マクフィ,プロディジャス,23101792,4,ハーツクライ,黒鹿,6,-1,0,0,16,   300,     0, 0,   0.0,0,0625540212
251214,中山,2,13,未勝利*,芝,1200,セイウンプーパ,牝,2,柴田善臣,55.0,奥平雅士,美,西山茂行,辻牧場,キタサンブラック,ターフグロッカ,23105570,4,"Soldier Hollow",鹿毛,7,-1,0,0,16,     0,     0, 0,   0.0,0,0625540213
251214,中山,2,14,未勝利*,芝,1200,ニルマーネル,牝,2,吉田豊,55.0,小島茂之,美,キャロットファーム,ノーザンファーム,モーリス,ポロンナルワ,23107231,4,Rahy,栗毛,7,-1,0,0,16,   890,   400, 0,   0.0,0,0625540214
251214,中山,2,15,未勝利*,芝,1200,ヘリオドール,牝,2,吉田隼人,55.0,和田雄二,美,グリーンファーム,社台ファーム,レイデオロ,シーニーンガール,23103430,4,"Spring At Last",鹿毛,8,-1,0,0,16,     0,     0, 0,   0.0,0,0625540215
251214,中山,2,16,未勝利*,芝,1200,グランフォワイエ,牡,2,石田拓郎,53.0,矢野英一,美,ノルマンディーサラブレッドレーシング,YMホースレーシング,ロゴタイプ,ゴートゥートラベル,23105549,4,ヴィクトワールピサ,青鹿,8,-1,0,0,16,     0,     0, 0,   0.0,0,0625540216
251214,中山,3, 1,未勝利*,芝,2000,ラッキースウィッチ,牡,2,団野大成,56.0,蛯名正義,美,張月勝,"Yulong Investments","Lucky Vega","Switch Around",23110019,4,Galileo,鹿毛,1,-1,0,0,18,   220,     0, 0,   0.0,0,0625540301
251214,中山,3, 2,未勝利*,芝,2000,アイアムアッパレ,牡,2,柴田善臣,56.0,奥平雅士,美,ワイズマン,千代田牧場,リオンディーズ,カウントオンイット,23102893,4,クロフネ,鹿毛,1,-1,0,0,18,     0,     0, 0,   0.0,0,0625540302
251214,中山,3, 3,未勝利*,芝,2000,コスモラムバック,牡,2,武藤雅,56.0,水野貴広,美,ビッグレッドファーム,ビッグレッドファーム,ゴールドシップ,ディスポーザブルプレジャー,23106452,4,Giacomo,芦毛,2,-1,0,0,18,     0,     0, 0,   0.0,0,0625540303
251214,中山,3, 4,未勝利*,芝,2000,ピュアエンブレム,牝,2,戸崎圭太,55.0,小手川準,美,キャロットファーム,ノーザンファーム,サトノダイヤモンド,ピースエンブレム,23107171,4,ウォーエンブレム,鹿毛,2,-1,0,0,18,   110,     0, 0,   0.0,0,0625540304
251214,中山,3, 5,未勝利*,芝,2000,ニシノヒノトリ,牡,2,菅原明良,56.0,手塚貴久,美,西山茂行,ガーベラパークスタツド,ルーラーシップ,ニシノアカツキ,23106254,4,オペラハウス,鹿毛,3,-1,0,0,18,   110,     0, 0,   0.0,0,0625540305
251214,中山,3, 6,未勝利*,芝,2000,セイウンヤオヨロズ,牡,2,野中悠太,56.0,上原博之,美,西山茂行,稲葉牧場,セイウンコウセイ,エテ,23100006,4,Congrats,鹿毛,3,-1,0,0,18,   159,     0, 0,   0.0,0,0625540306
251214,中山,3, 7,未勝利*,芝,2000,カリドーラ,牝,2,佐々木大,55.0,田村康仁,美,社台レースホース,社台ファーム,ブリックスアンドモルタル,フローレスダンサー,23103527,4,ハービンジャー,栗毛,4,-1,0,0,18,    84,     0, 0,   0.0,0,0625540307
251214,中山,3, 8,未勝利*,芝,2000,ジャストマイウェイ,牝,2,荻野極,55.0,国枝栄,美,DMMドリームクラブ,岡田スタツド,"No Nay Never",ジャストイマジニング,23105362,4,"War Front",黒鹿,4,-1,0,0,18,   435,     0, 0,   0.0,0,0625540308
251214,中山,3, 9,未勝利*,芝,2000,ラージアンサンブル,牡,2,岩田望来,56.0,武井亮,美,グリーンファーム,那須野,ベンバトル,ナスノフォルテ,23105560,4,ジャスタウェイ,鹿毛,5,-1,0,0,18,   644,   400, 0,   0.0,0,0625540309
251214,中山,3,10,未勝利*,芝,2000,ジャケットポケット,牡,2,石川裕紀,56.0,奥村武,美,高橋美雄,天羽禮治,レイデオロ,サピアウォーフ,23100615,4,クロフネ,鹿毛,5,-1,0,0,18,   280,     0, 0,   0.0,0,0625540310
251214,中山,3,11,未勝利*,芝,2000,セキテイリノ,牡,2,江田照男,56.0,田中剛,美,杉山元洋,社台ファーム,サトノダイヤモンド,ステイアライヴ,23103447,4,Iffraaj,鹿毛,6,-1,0,0,18,   630,     0, 0,   0.0,0,0625540311
251214,中山,3,12,未勝利*,芝,2000,ゴールデンダガー,牡,2,鮫島克駿,56.0,中舘英二,美,木村牧場,木村牧場,フィエールマン,スサーナトウショウ,23105726,4,ロックオブジブラルタル,鹿毛,6,-1,0,0,18,   246,     0, 0,   0.0,0,0625540312
251214,中山,3,13,未勝利*,芝,2000,マイネルグレート,牡,2,丹内祐次,56.0,鹿戸雄一,美,サラブレッドクラブ・ラフィアン,ビッグレッドファーム,ダノンバラード,オーサムボス,23106432,4,"Street Boss",黒鹿,7,-1,0,0,18,    75,     0, 0,   0.0,0,0625540313
251214,中山,3,14,未勝利*,芝,2000,マイネルモンテュス,牡,2,柴田大知,56.0,和田勇介,美,サラブレッドクラブ・ラフィアン,松木加代,ゴールドシップ,ルージュマジック,23104563,4,アフリート,鹿毛,7,-1,0,0,18,     0,     0, 0,   0.0,0,0625540314
251214,中山,3,15,未勝利*,芝,2000,カシノスパーク,牡,2,小林美駒,53.0,天間昭一,美,柏木務,グッドラック・ファーム,ロジャーバローズ,ビジューブランシュ,23105779,4,Hansen,芦毛,7,-1,0,0,18,    75,     0, 0,   0.0,0,0625540315
251214,中山,3,16,未勝利*,芝,2000,ロイヤルヤマト,牡,2,佐藤翔馬,53.0,伊藤圭三,美,有馬博文,発田文広,フィエールマン,シー,23104531,4,ハービンジャー,黒鹿,8,-1,0,0,18,    75,     0, 0,   0.0,0,0625540316
251214,中山,3,17,未勝利*,芝,2000,エクストラダーク,牡,2,吉田隼人,56.0,和田雄二,美,キーウエスト,吉田ファーム,シルバーステート,ガラスマスカレイド,23101892,4,キングカメハメハ,鹿毛,8,-1,0,0,18,   110,     0, 0,   0.0,0,0625540317
251214,中山,3,18,未勝利*,芝,2000,スカーレットジーン,牝,2,木幡巧也,55.0,水野貴広,美,吉田千津,社台ファーム,トーセンラー,ダイワウィズミー,23103465,4,キングカメハメハ,栗毛,8,-1,0,0,18,     0,     0, 0,   0.0,0,0625540318
251214,中山,4, 1,障害未勝利,ダ,2880,マテンロウノカゼ,牡,4,森一馬,60.0,昆貢,栗,寺田千代乃,村田牧場,ドゥラメンテ,ゼフィランサス,21107052,4,キングヘイロー,青鹿,1,-1,0,0,14,  1205,     0, 0,   0.0,0,0625540401
251214,中山,4, 2,障害未勝利,ダ,2880,デザートスター,セ,6,小牧加矢,60.0,笹田和秀,栗,中西功,高山牧場,サトノアラジン,ファーマペニー,19101825,4,ジャングルポケット,鹿毛,2,-1,0,0,14,  1908,     0, 0,   0.0,0,0625540402
251214,中山,4, 3,障害未勝利,ダ,2880,ピコイチ,牡,4,坂口智康,57.0,尾形和幸,美,石部高史,チャンピオンズファーム,ヘニーヒューズ,アヴァール,21101711,4,キングカメハメハ,栗毛,3,-1,0,0,14,     0,     0, 0,   0.0,0,0625540403
251214,中山,4, 4,障害未勝利,ダ,2880,シュバルツガイスト,牡,5,伴啓太,60.0,国枝栄,美,インゼルレーシング,ノーザンファーム,キタサンブラック,フリーティングスピリット,20103575,4,"Invincible Spirit",黒鹿,3,-1,0,0,14,  2440,     0, 0,   0.0,0,0625540404
251214,中山,4, 5,障害未勝利,ダ,2880,ストラクチャー,セ,4,草野太郎,60.0,和田正一,美,山内晃,木部ファーム,リアルスティール,サンヴィヴァン,21101216,4,マンハッタンカフェ,鹿毛,4,-1,0,0,14,   680,     0, 0,   0.0,0,0625540405
251214,中山,4, 6,障害未勝利,ダ,2880,アバットゥータ,牡,3,井上敏樹,56.0,中竹和也,栗,加藤誠,ヴェルサイユファーム,ハービンジャー,グッディー,22101139,4,キングカメハメハ,黒鹿,4,-1,0,0,14,    84,     0, 0,   0.0,0,0625540406
251214,中山,4, 7,障害未勝利,ダ,2880,ゴールデンスロープ,セ,4,大江原圭,60.0,小笠倫弘,美,岡田牧雄,寺井文秀,ゴールドシップ,ブリュメール,21102482,4,ティンバーカントリー,芦毛,5,-1,0,0,14,  2080,   400, 0,   0.0,0,0625540407
251214,中山,4, 8,障害未勝利,ダ,2880,アドアプローズ,牡,4,上野翔,60.0,小手川準,美,アドバンス・サッポロ,新冠川上牧場,ジャングルポケット,マーシフルレイン,21107224,4,キングカメハメハ,栗毛,5,-1,0,0,14,   166,     0, 0,   0.0,0,0625540408
251214,中山,4, 9,障害未勝利,ダ,2880,ゴールデンステップ,牝,4,金子光希,58.0,和田勇介,美,岡田牧雄,岡田スタツド,ブリックスアンドモルタル,ルミナスレッド,21103555,4,トーセンダンス,黒鹿,6,-1,0,0,14,  1433,     0, 0,   0.0,0,0625540409
251214,中山,4,10,障害未勝利,ダ,2880,クラウングスタフ,牡,4,中村将之,60.0,水野貴広,美,矢野悦三,クラウン日高牧場,レイデオロ,クラウンロゼ,21101256,4,ロサード,栗毛,6,-1,0,0,14,    55,     0, 0,   0.0,0,0625540410
251214,中山,4,11,障害未勝利,ダ,2880,リードアクトレス,牝,4,小野寺祐,58.0,安達昭夫,栗,山内邦一,金石牧場,マジェスティックウォリアー,ブラウンテヌート,21102654,4,シンボリクリスエス,鹿毛,7,-1,0,0,14,   588,     0, 0,   0.0,0,0625540411
251214,中山,4,12,障害未勝利,ダ,2880,デスティネ,牡,8,江田勇亮,60.0,萱野浩二,美,馬目勇,辻牧場,リアルインパクト,スプリングドリュー,17106490,4,ミシル,鹿毛,7,-1,0,0,14,     0,     0, 0,   0.0,0,0625540412
251214,中山,4,13,障害未勝利,ダ,2880,トリップトゥムーン,牡,6,石神深一,60.0,粕谷昌央,美,岡田牧雄,ヒサイファーム,アドマイヤムーン,レディパッション,19103193,4,ネオユニヴァース,黒鹿,8,-1,0,0,14,  3635,     0, 0,   0.0,0,0625540413
251214,中山,4,14,障害未勝利,ダ,2880,タガノバルコス,牡,6,高田潤,60.0,秋山真一,栗,八木良司,新冠タガノファーム,キタサンブラック,タガノレヴェントン,19100549,4,キングカメハメハ,鹿毛,8,-1,0,0,14,  4412,     0, 0,   0.0,0,0625540414
251214,中山,5, 1,新馬,芝,1600,ジーティーウブラブ,牝,2,佐藤翔馬,52.0,伊藤圭三,美,田畑利彦,秋場牧場,キタサンブラック,グランドクララ,23101629,4,Frankel,鹿毛,1,-1,0,0,16,     0,     0, 0,   0.0,0,0625540501
251214,中山,5, 2,新馬,芝,1600,プレシャスノワール,牝,2,遠藤汰月,52.0,村田一誠,美,本部正孝,北洋牧場,ダノンキングリー,プレシャスゴールド,23103221,4,Speightstown,黒鹿,1,-1,0,0,16,     0,     0, 0,   0.0,0,0625540502
251214,中山,5, 3,新馬,芝,1600,コスモエレジー,牝,2,丹内祐次,55.0,鈴木慎太,美,ビッグレッドファーム,ビッグレッドファーム,ダノンバラード,パーフェクトノート,23106466,4,Shamardal,黒鹿,2,-1,0,0,16,     0,     0, 0,   0.0,0,0625540503
251214,中山,5, 4,新馬,芝,1600,ショウナンカルメラ,牝,2,柴田善臣,55.0,大竹正博,美,湘南,池本久志,グレーターロンドン,マジックルーラー,23103634,4,ルーラーシップ,鹿毛,2,-1,0,0,16,     0,     0, 0,   0.0,0,0625540504
251214,中山,5, 5,新馬,芝,1600,ジーティーシンドウ,牡,2,菅原明良,56.0,栗田徹,美,田畑利彦,谷川牧場,オルフェーヴル,ヴァンゴーゴー,23102083,4,"Dutch Art",鹿毛,3,-1,0,0,16,   750,   400, 0,   0.0,0,0625540505
251214,中山,5, 6,新馬,芝,1600,クォンタムビット,牡,2,舟山瑠泉,53.0,萩原清,美,池谷誠一,ノーザンファーム,アドマイヤマーズ,エイコンドライト,23105271,4,"Lord Kanaloa",鹿毛,3,-1,0,0,16,   110,     0, 0,   0.0,0,0625540506
251214,中山,5, 7,新馬,芝,1600,モラール,牝,2,内田博幸,55.0,鈴木慎太,美,広尾レース,木村秀則,ダンカーク,ハキ,23106395,4,マジェスティックウォリアー,黒鹿,4,-1,0,0,16,     0,     0, 0,   0.0,0,0625540507
251214,中山,5, 8,新馬,芝,1600,エメラルドテソーロ,牝,2,木幡巧也,55.0,牧光二,美,了徳寺健二ホールディングス,リョーケンファーム,シルバーステート,ローズテソーロ,23106758,4,ハーツクライ,青鹿,4,-1,0,0,16,     0,     0, 0,   0.0,0,0625540508
251214,中山,5, 9,新馬,芝,1600,ベッラモレーン,牝,2,石橋脩,55.0,矢野英一,美,ディアレストクラブ,アラキフアーム,アジアエクスプレス,タカミツリリー,23103956,4,エンパイアメーカー,鹿毛,5,-1,0,0,16,    75,     0, 0,   0.0,0,0625540509
251214,中山,5,10,新馬,芝,1600,コスモペンタス,牝,2,原優介,55.0,西田雄一,美,ビッグレッドファーム,ビッグレッドファーム,ベンバトル,モエレカトリーナ,23106482,4,ゴールドヘイロー,鹿毛,5,-1,0,0,16,     0,     0, 0,   0.0,0,0625540510
251214,中山,5,11,新馬,芝,1600,キコリータ,牝,2,石田拓郎,52.0,田中勝春,美,キーファーズ,社台ファーム,レイデオロ,アルマンド,23103321,4,ディープインパクト,黒鹿,6,-1,0,0,16,     0,     0, 0,   0.0,0,0625540511
251214,中山,5,12,新馬,芝,1600,ランウェイミューズ,牝,2,戸崎圭太,55.0,竹内正洋,美,キャロットファーム,ノーザンファーム,シルバーステート,ランウェイデビュー,23107304,4,ストロングリターン,黒鹿,6,-1,0,0,16,   300,     0, 0,   0.0,0,0625540512
251214,中山,5,13,新馬,芝,1600,スーパーハイウェイ,牡,2,佐々木大,56.0,伊藤大士,美,徳増栄治,チャンピオンズファーム,アメリカンペイトリオット,ルージュノアール,23106119,4,ストーミングホーム,鹿毛,7,-1,0,0,16,     0,     0, 0,   0.0,0,0625540513
251214,中山,5,14,新馬,芝,1600,コスモシグルン,牝,2,柴田大知,55.0,畠山吉宏,美,ビッグレッドファーム,シンボリ牧場,ベンバトル,シンボリバーグ,23101040,4,ダイワメジャー,栗毛,7,-1,0,0,16,   190,     0, 0,   0.0,0,0625540514
251214,中山,5,15,新馬,芝,1600,ノーブルアスール,牡,2,武藤雅,56.0,武藤善則,美,アスール,佐竹牧場,フィエールマン,サングレアズール,23105422,4,クロフネ,黒鹿,8,-1,0,0,16,     0,     0, 0,   0.0,0,0625540515
251214,中山,5,16,新馬,芝,1600,フォーアライター,牝,2,小林美駒,52.0,矢嶋大樹,美,ヒダカ・ブリーダーズ・ユニオン,ハクレイファーム,ハービンジャー,ミニョネット,23106300,4,クロフネ,鹿毛,8,-1,0,0,16,     0,     0, 0,   0.0,0,0625540516
251214,中山,6, 1,新馬,ダ,1200,プラチナムディスク,牝,2,横山琉人,55.0,小笠倫弘,美,岡田牧雄,岡田スタツド,ゴールドドリーム,スノークラフト,23102383,4,アグネスデジタル,芦毛,1,-1,0,0,16,     0,     0, 0,   0.0,0,0625540601
251214,中山,6, 2,新馬,ダ,1200,ケイアイギルス,セ,2,野中悠太,56.0,小島茂之,美,ケイアイスタリオン,佐竹牧場,ホークビル,クインズゴールド,23105758,4,ステイゴールド,栗毛,1,-1,0,0,16,     0,     0, 0,   0.0,0,0625540602
251214,中山,6, 3,新馬,ダ,1200,ステラゲイル,牡,2,丸田恭介,56.0,石栗龍彦,美,谷正之,西野春樹,インカンテーション,ヒロノオリオン,23101246,4,カジノドライヴ,鹿毛,2,-1,0,0,16,     0,     0, 0,   0.0,0,0625540603
251214,中山,6, 4,新馬,ダ,1200,ノリキング,牡,2,佐々木大,56.0,伊藤大士,美,中谷典生,チャンピオンズファーム,モーニン,ダブルスカーレット,23106094,4,ダイワメジャー,栗毛,2,-1,0,0,16,     0,     0, 0,   0.0,0,0625540604
251214,中山,6, 5,新馬,ダ,1200,マーマレードスカイ,牝,2,松岡正海,55.0,堀内岳志,美,吉田千津,社台ファーム,レッドファルクス,メープルリキュール,23103574,4,オルフェーヴル,芦毛,3,-1,0,0,16,    75,     0, 0,   0.0,0,0625540605
251214,中山,6, 6,新馬,ダ,1200,バル,牡,2,柴田大知,56.0,武市康男,美,永田和彦,エムエム、ヤマダファーム,マテラスカイ,ローザディアマント,23101664,4,スペシャルウィーク,栗毛,3,-1,0,0,16,   110,     0, 0,   0.0,0,0625540606
251214,中山,6, 7,新馬,ダ,1200,セキテイロックス,牡,2,内田博幸,56.0,嘉藤貴行,美,杉山元洋,高昭牧場,ホッコータルマエ,ゴーゴーレイワ,23105355,4,パイロ,鹿毛,4,-1,0,0,16,     0,     0, 0,   0.0,0,0625540607
251214,中山,6, 8,新馬,ダ,1200,ディル,牝,2,木幡育也,55.0,高橋文雅,美,日東牧場,日東牧場,オーヴァルエース,ナツコダチ,23104976,4,ファスリエフ,栗毛,4,-1,0,0,16,     0,     0, 0,   0.0,0,0625540608
251214,中山,6, 9,新馬,ダ,1200,ルクスポップスター,牡,2,団野大成,56.0,西園翔太,栗,ルクス,静内山田牧場,ミスターメロディ,スマートニンバス,23102767,4,スマートファルコン,栗毛,5,-1,0,0,16,   750,   400, 0,   0.0,0,0625540609
251214,中山,6,10,新馬,ダ,1200,フローラルアーチ,牝,2,武藤雅,55.0,武藤善則,美,グリーンファーム,社台ファーム,マインドユアビスケッツ,ジュリエットベール,23103439,4,ヴィクトワールピサ,栗毛,5,-1,0,0,16,     0,     0, 0,   0.0,0,0625540610
251214,中山,6,11,新馬,ダ,1200,ガーディアンスター,牝,2,佐藤翔馬,52.0,武藤善則,美,田頭勇貴,明治牧場,マクフィ,ルタンメルヴェイユ,23106654,4,ゴールドアリュール,鹿毛,6,-1,0,0,16,     0,     0, 0,   0.0,0,0625540611
251214,中山,6,12,新馬,ダ,1200,コウジハラ,牝,2,長岡禎仁,55.0,西田雄一,美,由井健太郎,ヒダカフアーム,マテラスカイ,ローザビアンカ,23101860,4,ワイルドラッシュ,栗毛,6,-1,0,0,16,   300,     0, 0,   0.0,0,0625540612
251214,中山,6,13,新馬,ダ,1200,アシャカルッカ,牝,2,小林美駒,52.0,鈴木伸尋,美,吉冨学,前谷牧場,シニスターミニスター,アシャカダイキ,23103233,4,スマートファルコン,鹿毛,7,-1,0,0,16,     0,     0, 0,   0.0,0,0625540613
251214,中山,6,14,新馬,ダ,1200,ダズルオーロラ,牝,2,岩部純二,55.0,伊藤伸一,美,田頭勇貴,大栄牧場,エポカドーロ,クリスプウインド,23104205,4,ハーツクライ,青鹿,7,-1,0,0,16,     0,     0, 0,   0.0,0,0625540614
251214,中山,6,15,新馬,ダ,1200,グリュイエール,牡,2,舟山瑠泉,53.0,前川恭子,栗,加藤千豊,下河辺トレーニングセンター,フォーウィールドライブ,ムスタパルタ,23109082,4,Tapit,鹿毛,8,-1,0,0,16,     0,     0, 0,   0.0,0,0625540615
251214,中山,6,16,新馬,ダ,1200,ゼファーテソーロ,牡,2,丹内祐次,56.0,栗田徹,美,了徳寺健二ホールディングス,鎌田正嗣,モズアスコット,ラッキーペニー,23102007,4,ダイワメジャー,鹿毛,8,-1,0,0,16,   190,     0, 0,   0.0,0,0625540616
251214,中山,7, 1,１勝ｸﾗｽ*,ダ,1800,ファイアマン,牡,2,戸崎圭太,56.0,上原博之,美,ゴドルフィン,ダーレー・ジャパン・ファーム,ディスクリートキャット,フラマブル,23101154,4,パイロ,栗毛,1,-1,0,0,16,   806,   400, 0,   0.0,0,0625540701
251214,中山,7, 2,１勝ｸﾗｽ*,ダ,1800,ショーリバース,牡,2,小林美駒,53.0,鈴木伸尋,美,吉冨学,静内フジカワ牧場,フォーウィールドライブ,ショーカノン,23102743,4,ブレイクランアウト,青鹿,1,-1,0,0,16,  1190,   400, 0,   0.0,0,0625540702
251214,中山,7, 3,１勝ｸﾗｽ*,ダ,1800,マーゴットサンズ,牝,2,木幡巧也,55.0,伊坂重信,美,前田良平,追分ファーム,ミスチヴィアスアレックス,スペルバインド,23103696,4,ゴールドアリュール,栗毛,2,-1,0,0,16,   560,   400, 0,   0.0,0,0625540703
251214,中山,7, 4,１勝ｸﾗｽ*,ダ,1800,ロミオ,牡,2,荻野極,56.0,上原佑紀,美,安原浩司,門別尚省,シュウジ,ペンデュラム,23101545,4,コンデュイット,鹿毛,2,-1,0,0,16,   860,   400, 0,   0.0,0,0625540704
251214,中山,7, 5,１勝ｸﾗｽ*,ダ,1800,オトシダマ,牝,2,伊藤工真,55.0,金成貴史,美,リトルブルーファーム,リトルブルーファーム,ニューイヤーズデイ,クリムゾンルージュ,23102283,4,エンドスウィープ,鹿毛,3,-1,0,0,16,   700,   400, 0,   0.0,0,0625540705
251214,中山,7, 6,１勝ｸﾗｽ*,ダ,1800,ダンツシタン,牡,2,団野大成,56.0,本田優,栗,山元哲二,川越ファーム,パイロ,マリスレーン,23104848,4,ストリートセンス,青鹿,3,-1,0,0,16,   955,   400, 0,   0.0,0,0625540706
251214,中山,7, 7,１勝ｸﾗｽ*,ダ,1800,シルバーレシオ,牡,2,岩田望来,56.0,野中賢二,栗,サンデーレーシング,ノーザンファーム,ルヴァンスレーヴ,シルバーポジー,23107043,4,クロフネ,鹿毛,4,-1,0,0,16,   680,   400, 0,   0.0,0,0625540707
251214,中山,7, 8,１勝ｸﾗｽ*,ダ,1800,テンカムテキ,牡,2,横山琉人,56.0,林徹,美,ヒダカ・ブリーダーズ・ユニオン,辻牧場,ナダル,スズカグラーテ,23104927,4,サウスヴィグラス,栗毛,4,-1,0,0,16,   560,   400, 0,   0.0,0,0625540708
251214,中山,7, 9,１勝ｸﾗｽ*,ダ,1800,チャーリー,牡,2,菅原明良,56.0,国枝栄,美,嶋田賢,辻牧場,クリソベリル,ジャンナスキッキ,23105351,4,"War Front",鹿毛,5,-1,0,0,16,   715,   400, 0,   0.0,0,0625540709
251214,中山,7,10,１勝ｸﾗｽ*,ダ,1800,ケイアイアギト,牡,2,佐々木大,56.0,加藤征弘,美,ケイアイスタリオン,静内山田牧場,エスポワールシチー,ターフデザイナー,23102769,4,"Unbridled's Song",芦毛,5,-1,0,0,16,  1660,   900, 0,   0.0,0,0625540710
251214,中山,7,11,１勝ｸﾗｽ*,ダ,1800,サンデーパーティー,牡,2,Ｍ．デム,56.0,相沢郁,美,吉澤ホールディングス,山際牧場,ホッコータルマエ,ラフメイカー,23100433,4,スズカマンボ,鹿毛,6,-1,0,0,16,   670,   400, 0,   0.0,0,0625540711
251214,中山,7,12,１勝ｸﾗｽ*,ダ,1800,ニャンタロウ,牡,2,石橋脩,56.0,武市康男,美,村田哲朗,須崎牧場,ホッコータルマエ,シャーレ,23104151,4,ヘニーヒューズ,鹿毛,6,-1,0,0,16,   916,   400, 0,   0.0,0,0625540712
251214,中山,7,13,１勝ｸﾗｽ*,ダ,1800,ハイライトニング,牡,2,吉田豊,56.0,嘉藤貴行,美,TNレースホース,千代田牧場,リアルスティール,マニクール,23105381,4,ヘニーヒューズ,鹿毛,7,-1,0,0,16,   700,   400, 0,   0.0,0,0625540713
251214,中山,7,14,１勝ｸﾗｽ*,ダ,1800,デールエルバハリ,牝,2,落合玄太,55.0,杉山佳明,栗,篁真一郎,ノーザンファーム,クリソベリル,カーミングエフェクト,23106955,4,"War Front",鹿毛,7,-1,0,0,16,   560,   400, 0,   0.0,0,0625540714
251214,中山,7,15,１勝ｸﾗｽ*,ダ,1800,ナリノシャーウッド,牡,2,丹内祐次,56.0,田村康仁,美,成塚清志,社台コーポレーション白老ファーム,マインドユアビスケッツ,ナリノメジャー,23105963,4,ダイワメジャー,栗毛,8,-1,0,0,16,   750,   400, 0,   0.0,0,0625540715
251214,中山,7,16,１勝ｸﾗｽ*,ダ,1800,タガノアバンドーネ,牡,2,鮫島克駿,56.0,角田晃一,栗,八木昌司,八木牧場,モズアスコット,タガノディーバ,23104733,4,フジキセキ,栗毛,8,-1,0,0,16,   930,   400, 0,   0.0,0,0625540716
251214,中山,8, 1,１勝ｸﾗｽ,ダ,2500,オールデュスヴラン,牡,4,内田博幸,58.0,西村真幸,栗,サンデーレーシング,社台コーポレーション白老ファーム,ルーラーシップ,デルニエオール,21104891,4,ステイゴールド,鹿毛,1,-1,0,0,14,  1234,   400, 0,   0.0,0,0625540801
251214,中山,8, 2,１勝ｸﾗｽ,ダ,2500,ムーランブルー,牝,5,佐々木大,56.0,久保田貴,美,村上卓史,オリオンファーム,ジャスタウェイ,アドアード,20101341,4,Galileo,栗毛,2,-1,0,0,14,  2380,   400, 0,   0.0,0,0625540802
251214,中山,8, 3,１勝ｸﾗｽ,ダ,2500,タマモトリノ,牡,3,菅原明良,56.0,辻哲英,美,タマモ,小泉牧場,ルヴァンスレーヴ,タマモリド,22106199,4,ワイルドラッシュ,鹿毛,3,-1,0,0,14,  1420,   400, 0,   0.0,0,0625540803
251214,中山,8, 4,１勝ｸﾗｽ,ダ,2500,オウケンシルヴァー,牡,4,木幡育也,58.0,松永康利,美,福井明,辻牧場,ニューイヤーズデイ,メロウメロディ,21103017,4,キャプテンスティーヴ,栗毛,3,-1,0,0,14,  2725,   400, 0,   0.0,0,0625540804
251214,中山,8, 5,１勝ｸﾗｽ,ダ,2500,タイキインドラ,牡,3,荻野極,56.0,大竹正博,美,大樹ファーム,ビクトリーホースランチ,サンダースノー,タイキキララ,22103149,4,キングヘイロー,栗毛,4,-1,0,0,14,  1324,   500, 0,   0.0,0,0625540805
251214,中山,8, 6,１勝ｸﾗｽ,ダ,2500,ダブルメッセージ,牡,3,石川裕紀,56.0,和田正一,美,スピードファーム,スピードフアーム,モーニン,モーニングテラス,22106337,4,ディープスカイ,栗毛,4,-1,0,0,14,   504,   360, 0,   0.0,0,0625540806
251214,中山,8, 7,１勝ｸﾗｽ,ダ,2500,ダカラフェスティヴ,牝,3,戸崎圭太,54.0,奥平雅士,美,臼井一眞,藤吉牧場,ミッキーグローリー,ジェイケイカルミア,22104378,4,キングカメハメハ,青鹿,5,-1,0,0,14,  2856,   900, 0,   0.0,0,0625540807
251214,中山,8, 8,１勝ｸﾗｽ,ダ,2500,クールシェルタ,牡,6,舟山瑠泉,55.0,高橋文雅,美,ディアレストクラブ,平野牧場,アポロキングダム,ナムラミステリー,19103204,4,ジェニュイン,鹿毛,5,-1,0,0,14,   440,   190, 0,   0.0,0,0625540808
251214,中山,8, 9,１勝ｸﾗｽ,ダ,2500,マウントバーノン,牡,3,木幡巧也,56.0,戸田博文,美,キャロットファーム,ノーザンファーム,ルヴァンスレーヴ,ワシントンレガシー,22105197,4,クロフネ,芦毛,6,-1,0,0,14,  1130,   400, 0,   0.0,0,0625540809
251214,中山,8,10,１勝ｸﾗｽ,ダ,2500,チンプンカンプン,牡,3,小林脩斗,56.0,奥平雅士,美,内田玄祥,トド岩高原銀河農場物語,ホークビル,ヨシノファルコン,22106465,4,ビービーガルダン,栗毛,6,-1,0,0,14,   643,   400, 0,   0.0,0,0625540810
251214,中山,8,11,１勝ｸﾗｽ,ダ,2500,スマートクオーレ,牡,3,柴田大知,56.0,粕谷昌央,美,大川徹,本間牧場,オルフェーヴル,スマートアリシア,22102058,4,ファルブラヴ,栗毛,7,-1,0,0,14,   979,   400, 0,   0.0,0,0625540811
251214,中山,8,12,１勝ｸﾗｽ,ダ,2500,キャストロププ,牡,3,丹内祐次,56.0,尾形和幸,美,手嶋康雄,田湯牧場,ルヴァンスレーヴ,キャストロメファ,22100749,4,トワイニング,栗毛,7,-1,0,0,14,  1921,   400, 0,   0.0,0,0625540812
251214,中山,8,13,１勝ｸﾗｽ,ダ,2500,カイトヴィント,牡,3,遠藤汰月,53.0,和田雄二,美,本田恒雄,辻牧場,ルヴァンスレーヴ,ハートフルデイズ,22102991,4,キングカメハメハ,鹿毛,8,-1,0,0,14,   727,   400, 0,   0.0,0,0625540813
251214,中山,8,14,１勝ｸﾗｽ,ダ,2500,ステイアンビシャス,牡,3,松岡正海,56.0,堀内岳志,美,松本智,木村牧場,ドレフォン,グロリアスブレイク,22101255,4,"Distorted Humor",鹿毛,8,-1,0,0,14,  1180,     0, 0,   0.0,0,0625540814
251214,中山,9, 1,霞ヶ浦特･2勝,芝,1800,バセリーナ,牡,3,石橋脩,57.0,松山将樹,美,ビッグレッドファーム,ビッグレッドファーム,ウインブライト,クリスティロマンス,22106772,4,シンボリクリスエス,黒鹿,1,-1,0,0,12,  1980,   900, 0,   0.0,0,0625540901
251214,中山,9, 2,霞ヶ浦特･2勝,芝,1800,ワザモノ,牡,7,団野大成,58.0,尾関知人,美,ノルマンディーサラブレッドレーシング,岡田スタツド,マツリダゴッホ,モトヒメ,18103560,4,ショウナンカンプ,鹿毛,2,-1,0,0,12,  5390,   900, 0,   0.0,0,0625540902
251214,中山,9, 3,霞ヶ浦特･2勝,芝,1800,ダンツファイター,牡,3,佐々木大,57.0,蛯名正義,美,山元哲二,辻牧場,ニューイヤーズデイ,ダブルファンタジー,22102982,4,ジャイアントレッカー,栗毛,3,-1,0,0,12,  2480,   900, 0,   0.0,0,0625540903
251214,中山,9, 4,霞ヶ浦特･2勝,芝,1800,ヤマニンガラッシア,牡,8,菅原明良,58.0,辻哲英,美,土井肇,錦岡牧場,ディープインパクト,ヤマニングルノイユ,17101772,4,タイキシャトル,青鹿,4,-1,0,0,12,  6185,   560, 0,   0.0,0,0625540904
251214,中山,9, 5,霞ヶ浦特･2勝,芝,1800,ナムララジベラ,牝,5,小林脩斗,56.0,石栗龍彦,美,奈村睦弘,いとう牧場,リアルスティール,パンカティリオ,20101288,4,Kingmambo,鹿毛,5,-1,0,0,12,  2010,   900, 0,   0.0,0,0625540905
251214,中山,9, 6,霞ヶ浦特･2勝,芝,1800,ヤマニンアドホック,牡,4,石川裕紀,58.0,辻哲英,美,土井肇,錦岡牧場,ノヴェリスト,ヤマニンアドーレ,21106595,4,ダイワメジャー,黒鹿,5,-1,0,0,12,  4884,   900, 0,   0.0,0,0625540906
251214,中山,9, 7,霞ヶ浦特･2勝,芝,1800,タッチアンドムーブ,牡,4,荻野極,58.0,栗田徹,美,社台レースホース,社台ファーム,ハービンジャー,タッチザピーク,21105106,4,スペシャルウィーク,黒鹿,6,-1,0,0,12,  2208,   900, 0,   0.0,0,0625540907
251214,中山,9, 8,霞ヶ浦特･2勝,芝,1800,ソルトブリーズ,牡,4,松岡正海,58.0,田中剛,美,ゴドルフィン,ダーレー・ジャパン・ファーム,アドマイヤムーン,オーシャンウェイ,21101639,4,"Street Cry",鹿毛,6,-1,0,0,12,  3880,  1000, 0,   0.0,0,0625540908
251214,中山,9, 9,霞ヶ浦特･2勝,芝,1800,レディーミコノス,牝,3,岩田望来,55.0,寺島良,栗,吉田照哉,社台ファーム,"Le Havre",フルオブビューティー,22105475,4,Motivator,芦毛,7,-1,0,0,12,  2445,   900, 0,   0.0,0,0625540909
251214,中山,9,10,霞ヶ浦特･2勝,芝,1800,ドゥカート,牡,3,戸崎圭太,57.0,宮田敬介,美,G1レーシング,社台コーポレーション白老ファーム,レイデオロ,キャットコイン,22105777,4,ステイゴールド,栗毛,7,-1,0,0,12,  2508,   900, 0,   0.0,0,0625540910
251214,中山,9,11,霞ヶ浦特･2勝,芝,1800,フナデ,牡,4,丹内祐次,58.0,嘉藤貴行,美,ビッグレッドファーム,サカイファーム,ゴールドシップ,ラスイエットロス,21103790,4,ディープインパクト,鹿毛,8,-1,0,0,12,  2777,   900, 0,   0.0,0,0625540911
251214,中山,9,12,霞ヶ浦特･2勝,芝,1800,イガッチ,牡,3,Ｍ．デム,57.0,笹田和秀,栗,猪又晶介,下屋敷牧場,リアルスティール,クリーミーボイス,22100699,4,キングカメハメハ,鹿毛,8,-1,0,0,12,  3642,  1500, 0,   0.0,0,0625540912
251214,中山,10, 1,師走ＳＨ(L),ダ,1800,ダンテバローズ,牡,5,丹内祐次,57.5,上村洋行,栗,猪熊広次,服部牧場,ドレフォン,スズカエルマンボ,20104661,4,シンボリクリスエス,鹿毛,1,-1,0,0,16, 10310,  3600, 0,   0.0,0,0625541001
251214,中山,10, 2,師走ＳＨ(L),ダ,1800,ショウナンライシン,牡,5,柴田善臣,56.0,大竹正博,美,国本哲秀,青藍牧場,エスケンデレヤ,ショウナンバーキン,20103148,4,フジキセキ,栗毛,1,-1,0,0,16,  9930,  3800, 0,   0.0,0,0625541002
251214,中山,10, 3,師走ＳＨ(L),ダ,1800,タガノエスコート,牡,6,北村宏司,54.0,小林真也,栗,八木良司,新冠タガノファーム,ロードカナロア,スペシャルディナー,19100539,4,スペシャルウィーク,鹿毛,2,-1,0,0,16, 10913,  2400, 0,   0.0,0,0625541003
251214,中山,10, 4,師走ＳＨ(L),ダ,1800,シェットランド,牡,5,吉田隼人,54.0,久保田貴,美,村木隆,ノーザンファーム,リアルインパクト,フェイトカラー,20103566,4,サクラバクシンオー,栗毛,2,-1,0,0,16,  5442,  2400, 0,   0.0,0,0625541004
251214,中山,10, 5,師走ＳＨ(L),ダ,1800,メイショウフンジン,牡,7,石橋脩,58.5,西園正都,栗,松本好隆,宮内牧場,ホッコータルマエ,シニスタークイーン,18106571,4,シニスターミニスター,黒鹿,3,-1,0,0,16, 16050,  8300, 0,   0.0,0,0625541005
251214,中山,10, 6,師走ＳＨ(L),ダ,1800,ブレイクフォース,牡,6,吉田豊,57.5,中舘英二,美,水上行雄,橋本牧場,アジアエクスプレス,プレシャスフラワー,19105604,4,サンデーサイレンス,栗毛,3,-1,0,0,16, 11496,  3800, 0,   0.0,0,0625541006
251214,中山,10, 7,師走ＳＨ(L),ダ,1800,ゴールデンシロップ,牡,7,原優介,54.0,鈴木慎太,美,ゴドルフィン,"Hall of Fame Stud","Havana Gold",Muscovado,18110043,4,"Mr. Greeley",黒鹿,4,-1,0,0,16,  7960,  3800, 0,   0.0,0,0625541007
251214,中山,10, 8,師走ＳＨ(L),ダ,1800,テーオーパスワード,牡,4,戸崎圭太,57.5,高柳大輔,栗,小笹公也,ヤナガワ牧場,コパノリッキー,テーオーレイチェル,21102236,4,キングカメハメハ,鹿毛,4,-1,0,0,16,  6644,  3500, 0,   0.0,0,0625541008
251214,中山,10, 9,師走ＳＨ(L),ダ,1800,ラタフォレスト,牡,4,鮫島克駿,56.0,加藤征弘,美,林正道,藤本ファーム,パイロ,ゴールドフォレスト,21102009,4,ゴールドアリュール,栗毛,5,-1,0,0,16,  6290,  2400, 0,   0.0,0,0625541009
251214,中山,10,10,師走ＳＨ(L),ダ,1800,ポッドロゴ,牡,4,長岡禎仁,57.0,西園正都,栗,小川眞査雄,社台コーポレーション白老ファーム,ロゴタイプ,スクラッタ,21104873,4,キングカメハメハ,黒鹿,5,-1,0,0,16, 11013,  3800, 0,   0.0,0,0625541010
251214,中山,10,11,師走ＳＨ(L),ダ,1800,アクションプラン,牡,5,内田博幸,57.5,池上昌和,美,関田光男,木下牧場,リオンディーズ,シャプレドサクレ,20100116,4,タートルボウル,黒鹿,6,-1,0,0,16, 10608,  3600, 0,   0.0,0,0625541011
251214,中山,10,12,師走ＳＨ(L),ダ,1800,ミッキーヌチバナ,牡,7,Ｍ．デム,58.0,高橋亮,栗,野田みづき,追分ファーム,ダノンレジェンド,ヌチバナ,18105431,4,キングカメハメハ,鹿毛,6,-1,0,0,16, 14586,  4300, 0,   0.0,0,0625541012
251214,中山,10,13,師走ＳＨ(L),ダ,1800,スマートアイ,牝,5,舟山瑠泉,52.0,寺島良,栗,大川徹,三嶋牧場,ヘニーヒューズ,スマートオーシャン,20106877,4,"Mr. Greeley",栗毛,7,-1,0,0,16,  8260,  2400, 0,   0.0,0,0625541013
251214,中山,10,14,師走ＳＨ(L),ダ,1800,ブライアンセンス,牡,5,岩田望来,58.5,斎藤誠,美,林正道,谷川牧場,ホッコータルマエ,ヒラボクビジン,20106565,4,ブライアンズタイム,黒鹿,7,-1,0,0,16, 16020,  6900, 0,   0.0,0,0625541014
251214,中山,10,15,師走ＳＨ(L),ダ,1800,ヴァルツァーシャル,牡,6,菅原明良,58.0,高木登,美,ウエスト.フォレスト.ステイブル,梅田牧場,マクフィ,バイカターキン,19102437,4,エンパイアメーカー,鹿毛,8,-1,0,0,16, 14750,  5500, 0,   0.0,0,0625541015
251214,中山,10,16,師走ＳＨ(L),ダ,1800,コンクシェル,牝,5,横山琉人,54.0,清水久詞,栗,前田晋二,ノースヒルズ,キズナ,ザナ,20105626,4,Galileo,黒鹿,8,-1,0,0,16, 10913,  4300, 0,   0.0,0,0625541016
251214,中山,11, 1,カペラＳG3,ダ,1200,ドンアミティエ,牡,5,丹内祐次,57.0,今野貞一,栗,山田貢一,村田牧場,アジアエクスプレス,クラシックス,20106006,4,キングヘイロー,黒鹿,1,-1,0,0,16, 14830,  6000, 0,   0.0,0,0625541101
251214,中山,11, 2,カペラＳG3,ダ,1200,エートラックス,牡,4,内田博幸,58.0,宮本博,栗,サンデーレーシング,社台コーポレーション白老ファーム,ニューイヤーズデイ,スパイラルステップ,21104876,4,シンボリクリスエス,黒鹿,1,-1,0,0,16,  4283,  5820, 0,   0.0,0,0625541102
251214,中山,11, 3,カペラＳG3,ダ,1200,スターペスカオリ,牝,5,長岡禎仁,55.0,石橋守,栗,河野和香子,村上欽哉,シニスターミニスター,スターペスユウコ,20105929,4,バトルライン,黒鹿,2,-1,0,0,16,  4969,  2400, 0,   0.0,0,0625541103
251214,中山,11, 4,カペラＳG3,ダ,1200,テーオーエルビス,牡,3,鮫島克駿,56.0,高柳大輔,栗,小笹公也,"Jeff Prunzik & Melissa Prunzik",Volatile,Stopshoppingdebbie,22110081,4,Curlin,黒鹿,2,-1,0,0,16,  9320,  4300, 0,   0.0,0,0625541104
251214,中山,11, 5,カペラＳG3,ダ,1200,サンライズアムール,牡,6,北村宏司,58.0,小林真也,栗,ライフハウス,下河辺牧場,モーリス,ジルコニア,19101633,4,タイキシャトル,栗毛,3,-1,0,0,16, 16904,  8900, 0,   0.0,0,0625541105
251214,中山,11, 6,カペラＳG3,ダ,1200,ポッドベイダー,牡,3,荻野極,56.0,上原佑紀,美,小川眞査雄,社台ファーム,リオンディーズ,ヴェルメンティーノ,22105244,4,ダイワメジャー,鹿毛,3,-1,0,0,16,  7280,  3400, 0,   0.0,0,0625541106
251214,中山,11, 7,カペラＳG3,ダ,1200,キャンディドライヴ,牡,6,落合玄太,57.0,小野望,地,長谷川祐司,"Stonestreet Thoroughbred Holdings LLC","Candy Ride",Supreme,19110112,4,"Empire Maker",鹿毛,4,-1,0,0,16,  3960,  2280, 0,   0.0,0,0625541107
251214,中山,11, 8,カペラＳG3,ダ,1200,クロジシジョー,牡,6,戸崎圭太,57.0,岡田稲男,栗,河内孝夫,増尾牧場,フリオーソ,サイレンスラヴ,19102238,4,スペシャルウィーク,青鹿,4,-1,0,0,16, 19378,  8490, 0,   0.0,0,0625541108
251214,中山,11, 9,カペラＳG3,ダ,1200,ガビーズシスター,牝,4,吉田隼人,56.0,森一誠,美,長島和彦,へいはた牧場,アポロキングダム,アンジュデトワール,21104461,4,スペシャルウィーク,栗毛,5,-1,0,0,16,  9340,  4300, 0,   0.0,0,0625541109
251214,中山,11,10,カペラＳG3,ダ,1200,タガノミスト,牝,4,佐々木大,55.0,渡辺薫彦,栗,八木良司,新冠タガノファーム,マジェスティックウォリアー,ミトス,21106554,4,エンパイアメーカー,鹿毛,5,-1,0,0,16,  8354,  3600, 0,   0.0,0,0625541110
251214,中山,11,11,カペラＳG3,ダ,1200,チカッパ,牡,4,横山典弘,58.0,中竹和也,栗,岡浩二,サンデーヒルズ,リアルスティール,ユニキャラ,21103868,4,"Into Mischief",鹿毛,6,-1,0,0,16,  4480,  8660, 0,   0.0,0,0625541111
251214,中山,11,12,カペラＳG3,ダ,1200,カルチャーデイ,牝,4,柴田善臣,55.0,四位洋文,栗,MMSホールディングス,松田牧場,ファインニードル,ラルティスタ,21104556,4,マイネルラヴ,栗毛,6,-1,0,0,16,  6560,  3200, 0,   0.0,0,0625541112
251214,中山,11,13,カペラＳG3,ダ,1200,エコロアゼル,牡,3,団野大成,56.0,森秀行,栗,原村正紀,"Crawford Farms",Shancelot,"Cicada's Song",22110107,4,"Twirling Candy",鹿毛,7,-1,0,0,16,  5967,  2400, 0,   0.0,0,0625541113
251214,中山,11,14,カペラＳG3,ダ,1200,ジャスパーゴールド,セ,7,菅原明良,57.0,森秀行,栗,加藤和夫,"Randy Lee Myers",Khozan,"Gracious Lady",18110126,4,"Put It Back",栗毛,7,-1,0,0,16,  8967,  3600, 0,   0.0,0,0625541114
251214,中山,11,15,カペラＳG3,ダ,1200,ニットウバジル,牡,5,吉田豊,57.0,高橋文雅,美,日東牧場,日東牧場,ダノンレジェンド,ベリーキュート,20106782,4,ザッツザプレンティ,鹿毛,8,-1,0,0,16,  8030,  2400, 0,   0.0,0,0625541115
251214,中山,11,16,カペラＳG3,ダ,1200,ヤマニンチェルキ,牡,3,岩田望来,58.0,中村直也,栗,土井肇,錦岡牧場,フォーウィールドライブ,ヤマニンプチガトー,22106610,4,ヤマニンセラフィム,栗毛,8,-1,0,0,16,  4960,  7350, 0,   0.0,0,0625541116
251214,中山,12, 1,１勝ｸﾗｽ,芝,1800,サクラアドリア,牡,3,横山典弘,57.0,尾関知人,美,さくらコマース,谷岡牧場,イスラボニータ,サクラフルーレ,22104092,4,マンハッタンカフェ,黒鹿,1,-1,0,0,16,  1260,   400, 0,   0.0,0,0625541201
251214,中山,12, 2,１勝ｸﾗｽ,芝,1800,ケイツールピア,牝,4,石田拓郎,53.0,蛯名利弘,美,楠本勝美,道見牧場,アニマルキングダム,リップグロス,21101801,4,ハーツクライ,栗毛,1,-1,0,0,16,  1173,   400, 0,   0.0,0,0625541202
251214,中山,12, 3,１勝ｸﾗｽ,芝,1800,アクイローネ,牡,4,佐々木大,58.0,小野次郎,美,松本俊廣,天羽禮治,グァンチャーレ,ビエンナーレ,21101059,4,ステイゴールド,黒鹿,2,-1,0,0,16,   300,   380, 0,   0.0,0,0625541203
251214,中山,12, 4,１勝ｸﾗｽ,芝,1800,ラファヴォリット,牝,3,北村宏司,55.0,黒岩陽一,美,多田信尊,辻牧場,レイデオロ,ラユロット,22103003,4,エンパイアメーカー,鹿毛,2,-1,0,0,16,   820,   400, 0,   0.0,0,0625541204
251214,中山,12, 5,１勝ｸﾗｽ,芝,1800,キアラメンテ,牝,3,荻野極,55.0,鹿戸雄一,美,キャロットファーム,社台コーポレーション白老ファーム,ドゥラメンテ,レオパルディナ,22105864,4,スニッツェル,黒鹿,3,-1,0,0,16,  1350,   400, 0,   0.0,0,0625541205
251214,中山,12, 6,１勝ｸﾗｽ,芝,1800,ベストシーン,牡,3,岩田望来,57.0,手塚貴久,美,星野壽市,下河辺牧場,レイデオロ,アユサン,22101388,4,ディープインパクト,鹿毛,3,-1,0,0,16,  2290,   400, 0,   0.0,0,0625541206
251214,中山,12, 7,１勝ｸﾗｽ,芝,1800,マジカルワード,牝,5,柴田善臣,56.0,大竹正博,美,村野康司,下河辺牧場,ハーツクライ,マジカルシェイプ,20101598,4,"Street Cry",黒鹿,4,-1,0,0,16,   900,   400, 0,   0.0,0,0625541207
251214,中山,12, 8,１勝ｸﾗｽ,芝,1800,スワローシチー,牡,3,戸崎圭太,57.0,相沢郁,美,友駿ホースクラブ,カミイスタット,ミッキースワロー,スコルピオンキッス,22106150,4,"French Deputy",黒鹿,4,-1,0,0,16,  1976,   400, 0,   0.0,0,0625541208
251214,中山,12, 9,１勝ｸﾗｽ,芝,1800,フォートポータル,セ,4,柴田大知,58.0,粕谷昌央,美,ヒダカ・ブリーダーズ・ユニオン,三嶋牧場,リアルスティール,パールオブアフリカ,21103251,4,Jeremy,鹿毛,5,-1,0,0,16,   220,   140, 0,   0.0,0,0625541209
251214,中山,12,10,１勝ｸﾗｽ,芝,1800,イゾレエオリア,牝,5,杉原誠人,56.0,伊藤大士,美,吉田照哉,社台ファーム,ハービンジャー,エオリアンハープ,20102785,4,キングカメハメハ,栗毛,5,-1,0,0,16,  4244,   500, 0,   0.0,0,0625541210
251214,中山,12,11,１勝ｸﾗｽ,芝,1800,マイネルゼウス,牡,3,丹内祐次,57.0,奥村武,美,サラブレッドクラブ・ラフィアン,ブルースターズファーム,ダノンバラード,ビジュティエ,22106828,4,オルフェーヴル,鹿毛,6,-1,0,0,16,  2700,   400, 0,   0.0,0,0625541211
251214,中山,12,12,１勝ｸﾗｽ,芝,1800,ウィンターベル,牡,3,舟山瑠泉,54.0,木村哲也,美,吉田勝己,ノーザンファーム,バゴ,ノチェブランカ,22104939,4,ディープインパクト,芦毛,6,-1,0,0,16,  1897,   900, 0,   0.0,0,0625541212
251214,中山,12,13,１勝ｸﾗｽ,芝,1800,パストラーレ,牡,4,丸田恭介,58.0,武市康男,美,井山登,岩見牧場,シルバーステート,ファインステラ,21106068,4,ルーラーシップ,青鹿,7,-1,0,0,16,  3283,   400, 0,   0.0,0,0625541213
251214,中山,12,14,１勝ｸﾗｽ,芝,1800,ハニードレス,牝,3,木幡巧也,55.0,牧光二,美,吉田千津,社台ファーム,ブリックスアンドモルタル,ターフドンナ,22105394,4,Doyen,黒鹿,7,-1,0,0,16,  1162,   400, 0,   0.0,0,0625541214
251214,中山,12,15,１勝ｸﾗｽ,芝,1800,ケイツークローン,セ,5,原優介,58.0,清水英克,美,楠本勝美,ゼットステーブル,ラブリーデイ,コンゴウビジン,20103160,4,ケイムホーム,青鹿,8,-1,0,0,16,  2570,   400, 0,   0.0,0,0625541215
251214,中山,12,16,１勝ｸﾗｽ,芝,1800,コスモイシュタル,牝,3,松岡正海,55.0,深山雅史,美,ブルースターズファーム,ブルースターズファーム,ゴールドシップ,コスモマクスウェル,22106825,4,アドマイヤマックス,黒鹿,8,-1,0,0,16,  1811,   400, 0,   0.0,0,0625541216
251214,中京,1, 1,未勝利・牝*,ダ,1800,エアトベーレ,牝,2,嶋田純次,55.0,手塚貴久,美,落合幸弘,下河辺牧場,レイデオロ,マウレア,23100964,4,ディープインパクト,栗毛,1,-1,0,0,14,   220,     0, 0,   0.0,0,0725540101
251214,中京,1, 2,未勝利・牝*,ダ,1800,オーケートムボーイ,牝,2,斎藤新,55.0,奥村豊,栗,小野建,レイクヴィラファーム,シニスターミニスター,プントバンコ,23103900,4,フジキセキ,黒鹿,2,-1,0,0,14,     0,     0, 0,   0.0,0,0725540102
251214,中京,1, 3,未勝利・牝*,ダ,1800,ブルーメサンライズ,牝,2,富田暁,55.0,石坂公一,栗,ライフハウス,ヤナガワ牧場,キタサンブラック,サイモンガーランド,23101573,4,ロージズインメイ,青鹿,3,-1,0,0,14,   750,   400, 0,   0.0,0,0725540103
251214,中京,1, 4,未勝利・牝*,ダ,1800,スウィープシャルム,牝,2,荻野琢真,55.0,前川恭子,栗,YGGホースクラブ,聖心台牧場,アニマルキングダム,ビジュートウショウ,23102791,4,ディープスカイ,栗毛,3,-1,0,0,14,     0,     0, 0,   0.0,0,0725540104
251214,中京,1, 5,未勝利・牝*,ダ,1800,アクシュラ,牝,2,小沢大仁,55.0,橋口慎介,栗,ノースヒルズ,ノースヒルズ,ドレフォン,ユメノトビラ,23104416,4,Bernardini,鹿毛,4,-1,0,0,14,     0,     0, 0,   0.0,0,0725540105
251214,中京,1, 6,未勝利・牝*,ダ,1800,セレーノ,牝,2,永島まな,53.0,高橋亮,栗,ノースヒルズ,ノースヒルズ,モーリス,アングルティール,23104372,4,ディープインパクト,鹿毛,4,-1,0,0,14,   276,     0, 0,   0.0,0,0725540106
251214,中京,1, 7,未勝利・牝*,ダ,1800,マカロンブルー,牝,2,今村聖奈,53.0,佐藤悠太,栗,ヒダカ・ブリーダーズ・ユニオン,日進牧場,シニスターミニスター,アスターストーリー,23104965,4,ゴールドアリュール,鹿毛,5,-1,0,0,14,   440,     0, 0,   0.0,0,0725540107
251214,中京,1, 8,未勝利・牝*,ダ,1800,アンファール,牝,2,黛弘人,55.0,和田雄二,美,コスモヴューファーム,ヒカル牧場,レッドファルクス,ジャカランダテラス,23104466,4,"Redoute's Choice",芦毛,5,-1,0,0,14,     0,     0, 0,   0.0,0,0725540108
251214,中京,1, 9,未勝利・牝*,ダ,1800,ホールドミーワンス,牝,2,菊沢一樹,55.0,西園翔太,栗,グリーンファーム,社台ファーム,ブリックスアンドモルタル,キスミーワンス,23103379,4,ネオユニヴァース,黒鹿,6,-1,0,0,14,    84,     0, 0,   0.0,0,0725540109
251214,中京,1,10,未勝利・牝*,ダ,1800,ジューンレイヴン,牝,2,加藤祥太,55.0,小椋研介,栗,吉川潤,白井牧場,タワーオブロンドン,オーシャンズルーラ,23106701,4,バトルプラン,鹿毛,6,-1,0,0,14,     0,     0, 0,   0.0,0,0725540110
251214,中京,1,11,未勝利・牝*,ダ,1800,スマートコーラル,牝,2,藤懸貴志,55.0,石坂公一,栗,大川徹,杵臼牧場,マジェスティックウォリアー,スマートサクソン,23106001,4,ドリームジャーニー,鹿毛,7,-1,0,0,14,     0,     0, 0,   0.0,0,0725540111
251214,中京,1,12,未勝利・牝*,ダ,1800,アイビーミャーオ,牝,2,松本大輝,54.0,小林真也,栗,石坂茂ラボ,高昭牧場,フォーウィールドライブ,ルンルンキャット,23101755,4,キングヘイロー,鹿毛,7,-1,0,0,14,     0,     0, 0,   0.0,0,0725540112
251214,中京,1,13,未勝利・牝*,ダ,1800,クイーンズドリーム,牝,2,小崎綾也,55.0,大久保龍,栗,グリーンファーム,ノーザンファーム,クリソベリル,アンデスクイーン,23106857,4,タートルボウル,栗毛,8,-1,0,0,14,    84,     0, 0,   0.0,0,0725540113
251214,中京,1,14,未勝利・牝*,ダ,1800,ミヤムーブメント,牝,2,上里直汰,52.0,緒方努,栗,山本益臣,上村勇人,イスラボニータ,パピヨナージュ,23101657,4,キングカメハメハ,栗毛,8,-1,0,0,14,     0,     0, 0,   0.0,0,0725540114
251214,中京,2, 1,未勝利*,ダ,1400,ユイノカタリベ,牡,2,木幡初也,56.0,竹内正洋,美,由井健太郎,藤沢牧場,タワーオブロンドン,ランリーナ,23106577,4,エイシンフラッシュ,鹿毛,1,-1,0,0,13,   397,     0, 0,   0.0,0,0725540201
251214,中京,2, 2,未勝利*,ダ,1400,パータリプトラ,セ,2,石神深道,53.0,武井亮,美,幅田京子,増本良孝,アメリカンペイトリオット,カフェローレル,23103263,4,マンハッタンカフェ,黒鹿,2,-1,0,0,13,   360,     0, 0,   0.0,0,0725540202
251214,中京,2, 3,未勝利*,ダ,1400,リフラ,牡,2,亀田温心,56.0,西村真幸,栗,京都ホースレーシング,高橋フアーム,シニスターミニスター,サンタテレサ,23106018,4,ドリームジャーニー,鹿毛,3,-1,0,0,13,   140,     0, 0,   0.0,0,0725540203
251214,中京,2, 4,未勝利*,ダ,1400,セイウンリメンバー,牡,2,長浜鴻緒,54.0,千葉直人,美,西山茂行,下屋敷牧場,ミッキーアイル,ビートゴーズオン,23100149,4,Curlin,黒鹿,4,-1,0,0,13,   364,     0, 0,   0.0,0,0725540204
251214,中京,2, 5,未勝利*,ダ,1400,クラシオン,牡,2,菊沢一樹,56.0,菊沢隆徳,美,古賀禎彦,ラツキー牧場,モーニン,マージェリー,23104780,4,オルフェーヴル,栗毛,4,-1,0,0,13,   635,   400, 0,   0.0,0,0725540205
251214,中京,2, 6,未勝利*,ダ,1400,キャッチアシーフ,牡,2,斎藤新,56.0,佐藤悠太,栗,吉田昌久,社台コーポレーション白老ファーム,マインドユアビスケッツ,フルオブグレース,23103810,4,ヴィクトワールピサ,栗毛,5,-1,0,0,13,    84,     0, 0,   0.0,0,0725540206
251214,中京,2, 7,未勝利*,ダ,1400,シュヴァルツシルト,牡,2,丸山元気,56.0,田島俊明,美,"CHEVAL ATTACHE",前田ファーム,ミスチヴィアスアレックス,パワフルノンコ,23100359,4,ワークフォース,黒鹿,5,-1,0,0,13,   330,     0, 0,   0.0,0,0725540207
251214,中京,2, 8,未勝利*,ダ,1400,ブルーミーティア,牡,2,上里直汰,53.0,鈴木伸尋,美,山崎泰博,新井弘幸,モズアスコット,ショコラミーティア,23100647,4,マジェスティックウォリアー,鹿毛,6,-1,0,0,13,   466,     0, 0,   0.0,0,0725540208
251214,中京,2, 9,未勝利*,ダ,1400,ムソウテンセイ,牡,2,和田陽希,53.0,鈴木孝志,栗,山口敦広,真歌田中牧場,アメリカンペイトリオット,モエレサンタマリア,23107472,4,ゴールドヘイロー,青鹿,6,-1,0,0,13,    75,     0, 0,   0.0,0,0725540209
251214,中京,2,10,未勝利*,ダ,1400,オメガヒストリー,牡,2,国分優作,56.0,安田翔伍,栗,原禮子,社台ファーム,イスラボニータ,ニュープロヴィデンス,23105245,4,"Bahamian Bounty",黒鹿,7,-1,0,0,13,   110,     0, 0,   0.0,0,0725540210
251214,中京,2,11,未勝利*,ダ,1400,ザキノフレンズ,牡,2,富田暁,56.0,東田明士,栗,山崎有也,ハクレイファーム,モーニン,ザデイ,23104433,4,シンボリクリスエス,黒鹿,7,-1,0,0,13,     0,     0, 0,   0.0,0,0725540211
251214,中京,2,12,未勝利*,ダ,1400,マイネルトレマーズ,牡,2,小沢大仁,56.0,手塚貴久,美,サラブレッドクラブ・ラフィアン,岡田スタツド,ベンバトル,ネイティヴコード,23105363,4,アグネスデジタル,鹿毛,8,-1,0,0,13,   330,     0, 0,   0.0,0,0725540212
251214,中京,2,13,未勝利*,ダ,1400,ロイヤルスパイア,牡,2,松本大輝,55.0,栗田徹,美,ゴドルフィン,ダーレー・ジャパン・ファーム,タワーオブロンドン,エンクリプション,23101112,4,ストーミングホーム,鹿毛,8,-1,0,0,13,  1011,     0, 0,   0.0,0,0725540213
251214,中京,3, 1,１勝ｸﾗｽ,ダ,1200,サノノアメリカン,牡,3,石神深道,54.0,天間昭一,美,佐野信幸,荒木貴宏,アメリカンペイトリオット,クインズアイザ,22103425,4,タイキシャトル,鹿毛,1,-1,0,0,16,   750,   400, 0,   0.0,0,0725540301
251214,中京,3, 2,１勝ｸﾗｽ,ダ,1200,ドラゴンテイラー,牡,3,和田陽希,54.0,藤原英昭,栗,窪田芳郎,"Respect the Valleys LLC & Laurel Glen Farm","Liam's Map","Cousin Newyork Fay",22110138,4,"Bluegrass Cat",芦毛,1,-1,0,0,16,  1360,   900, 0,   0.0,0,0725540302
251214,中京,3, 3,１勝ｸﾗｽ,ダ,1200,シュードタキライト,牡,3,鷲頭虎太,55.0,菊川正達,美,コロンバスサークル,岡田スタツド,ウインブライト,クイックメール,22103509,4,タイキシャトル,芦毛,2,-1,0,0,16,   950,   400, 0,   0.0,0,0725540303
251214,中京,3, 4,１勝ｸﾗｽ,ダ,1200,ミルトライディーン,セ,3,柴田裕一,55.0,中竹和也,栗,永山勝敏,木村秀則,エピファネイア,レジーナフォルテ,22103714,4,アルデバラン2,黒鹿,2,-1,0,0,16,   780,   400, 0,   0.0,0,0725540304
251214,中京,3, 5,１勝ｸﾗｽ,ダ,1200,アースミューズ,牝,3,長浜鴻緒,53.0,粕谷昌央,美,松山増男,習志野牧場,フリオーソ,アースヴィグラス,22105909,4,サウスヴィグラス,鹿毛,3,-1,0,0,16,   960,   400, 0,   0.0,0,0725540305
251214,中京,3, 6,１勝ｸﾗｽ,ダ,1200,シルフズミスチーフ,牝,3,今村聖奈,53.0,池江泰寿,栗,G1レーシング,"Northern Racing","Into Mischief",Heavenhasmynikki,22110001,4,"Majestic Warrior",鹿毛,3,-1,0,0,16,  1580,   400, 0,   0.0,0,0725540306
251214,中京,3, 7,１勝ｸﾗｽ,ダ,1200,ツーピース,牝,3,国分優作,55.0,河嶋宏樹,栗,山口正行,石川牧場,ホッコータルマエ,ヤマイチマロン,22103448,4,エンパイアメーカー,鹿毛,4,-1,0,0,16,   860,   400, 0,   0.0,0,0725540307
251214,中京,3, 8,１勝ｸﾗｽ,ダ,1200,ワールドシリーズ,牡,4,小沢大仁,58.0,秋山真一,栗,シルクレーシング,"Northern Racing","No Nay Never","Elysea's World",21110002,4,"Champs Elysees",鹿毛,4,-1,0,0,16,   930,   400, 0,   0.0,0,0725540308
251214,中京,3, 9,１勝ｸﾗｽ,ダ,1200,イノキ,牡,3,丸山元気,57.0,岩戸孝樹,美,小菅誠,築紫洋,ミスターメロディ,コイクレナイ,22100757,4,タイキシャトル,栗毛,5,-1,0,0,16,  1680,   400, 0,   0.0,0,0725540309
251214,中京,3,10,１勝ｸﾗｽ,ダ,1200,アップフルーク,牡,6,上里直汰,55.0,松山将樹,美,村山正道,櫛桁牧場,トゥザグローリー,テツムーン,19102510,4,アドマイヤムーン,鹿毛,5,-1,0,0,16,   170,   120, 0,   0.0,0,0725540310
251214,中京,3,11,１勝ｸﾗｽ,ダ,1200,ワンウェイトゥヘル,牡,3,永島まな,55.0,中村直也,栗,一村哲也,ガーベラパークスタツド,タワーオブロンドン,アリアプーラ,22102701,4,"Flying Spur",鹿毛,6,-1,0,0,16,  1064,   400, 0,   0.0,0,0725540311
251214,中京,3,12,１勝ｸﾗｽ,ダ,1200,スカイブルー,牡,3,小崎綾也,57.0,佐藤悠太,栗,モンレーヴ,桑田牧場,エピファネイア,スカイノダン,22100136,4,サクラバクシンオー,鹿毛,6,-1,0,0,16,  1694,   400, 0,   0.0,0,0725540312
251214,中京,3,13,１勝ｸﾗｽ,ダ,1200,インディゴアスール,牡,3,藤懸貴志,57.0,鈴木孝志,栗,アスール,石川栄一,リオンディーズ,エスピナアスール,22103440,4,フジキセキ,黒鹿,7,-1,0,0,16,   704,   400, 0,   0.0,0,0725540313
251214,中京,3,14,１勝ｸﾗｽ,ダ,1200,ウィングコマンダー,セ,3,菊沢一樹,57.0,松永康利,美,岡田牧雄,千代田牧場,デクラレーションオブウォー,タッシーエルモ,22104135,4,エピファネイア,黒鹿,7,-1,0,0,16,     0,     0, 0,   0.0,0,0725540314
251214,中京,3,15,１勝ｸﾗｽ,ダ,1200,カジカライズ,牡,4,大久保友,55.0,久保田貴,美,越村哲男,長浜牧場,シルバーステート,ジプシーマイラブ,21106519,4,Manduro,青鹿,8,-1,0,0,16,    55,   210, 0,   0.0,0,0725540315
251214,中京,3,16,１勝ｸﾗｽ,ダ,1200,メイショウホウセン,牡,5,河原田菜,54.0,千田輝彦,栗,松本好隆,中脇一幸,ホッコータルマエ,プラッキーエリーナ,20106182,4,マヤノトップガン,鹿毛,8,-1,0,0,16,   995,   240, 0,   0.0,0,0725540316
251214,中京,4, 1,未勝利*,芝,2000,ワールドブレイヴ,牡,2,丸山元気,56.0,宮田敬介,美,大塚亮一,隆栄牧場,ワールドプレミア,リブエターナル,23105578,4,クロフネ,栗毛,1,-1,0,0,13,     0,     0, 0,   0.0,0,0725540401
251214,中京,4, 2,未勝利*,芝,2000,マーゴットガイア,牝,2,小崎綾也,55.0,石坂公一,栗,前田良平,高昭牧場,コントレイル,アントハッティー,23101702,4,Camelot,黒鹿,2,-1,0,0,13,   220,     0, 0,   0.0,0,0725540402
251214,中京,4, 3,未勝利*,芝,2000,マイネルアルゴー,牡,2,和田陽希,53.0,清水英克,美,サラブレッドクラブ・ラフィアン,ビッグレッドファーム,スクリーンヒーロー,バトーブラン,23106462,4,ゴールドシップ,芦毛,3,-1,0,0,13,     0,     0, 0,   0.0,0,0725540403
251214,中京,4, 4,未勝利*,芝,2000,コスモエーヴィヒ,牝,2,石神深道,52.0,伊藤大士,美,ビッグレッドファーム,ビッグレッドファーム,ゴールドシップ,ミルルーテウス,23106481,4,アグネスタキオン,芦毛,4,-1,0,0,13,    56,     0, 0,   0.0,0,0725540404
251214,中京,4, 5,未勝利*,芝,2000,オオツカ,牡,2,松本大輝,55.0,大久保龍,栗,中辻明,秋田牧場,キタサンブラック,ブルーダイヤ,23103919,4,モーリス,鹿毛,4,-1,0,0,13,     0,     0, 0,   0.0,0,0725540405
251214,中京,4, 6,未勝利*,芝,2000,ノーブルホライズン,牡,2,木幡初也,56.0,粕谷昌央,美,吉木伸彦,スウィングフィールド牧場,キセキ,ネイチャーガイド,23105986,4,エルコンドルパサー,黒鹿,5,-1,0,0,13,     0,     0, 0,   0.0,0,0725540406
251214,中京,4, 7,未勝利*,芝,2000,アイスアイスベイビ,牡,2,菊沢一樹,56.0,岩戸孝樹,美,千明牧場,千代田牧場,ゴールドシップ,ブライテストリング,23102937,4,ダノンシャンティ,芦毛,5,-1,0,0,13,     0,     0, 0,   0.0,0,0725540407
251214,中京,4, 8,未勝利*,芝,2000,ノンブルドール,牡,2,亀田温心,56.0,西園翔太,栗,キャロットファーム,ノーザンファーム,レイデオロ,オーロトラジェ,23106941,4,オルフェーヴル,鹿毛,6,-1,0,0,13,   330,     0, 0,   0.0,0,0725540408
251214,中京,4, 9,未勝利*,芝,2000,グレーヌドジョワ,牡,2,富田暁,56.0,今野貞一,栗,グリーンファーム,社台ファーム,ロードカナロア,エバーブロッサム,23103351,4,ディープインパクト,鹿毛,6,-1,0,0,13,   834,   400, 0,   0.0,0,0725540409
251214,中京,4,10,未勝利*,芝,2000,マチュ,牝,2,河原田菜,51.0,谷潔,栗,IRレーシング,中島牧場,ヘンリーバローズ,サンダーソニア,23104957,4,ケープブランコ,鹿毛,7,-1,0,0,13,    75,     0, 0,   0.0,0,0725540410
251214,中京,4,11,未勝利*,芝,2000,カイキアス,牡,2,長浜鴻緒,54.0,松永幹夫,栗,ライオンレースホース,ノーザンファーム,サトノダイヤモンド,イースト,23106882,4,Frankel,鹿毛,7,-1,0,0,13,     0,     0, 0,   0.0,0,0725540411
251214,中京,4,12,未勝利*,芝,2000,ロザーンジュ,牝,2,今村聖奈,53.0,寺島良,栗,ヒダカ・ブリーダーズ・ユニオン,上水牧場,フィエールマン,ハーズシャドウ,23103661,4,オルフェーヴル,黒鹿,8,-1,0,0,13,    56,     0, 0,   0.0,0,0725540412
251214,中京,4,13,未勝利*,芝,2000,サトノトリニティ,牡,2,小沢大仁,56.0,池江泰寿,栗,里見治,ノーザンファーム,サトノダイヤモンド,メチャコルタ,23107272,4,"El Corredor",鹿毛,8,-1,0,0,13,   168,     0, 0,   0.0,0,0725540413
251214,中京,5, 1,新馬,ダ,1800,オルビスケリー,牝,2,小崎綾也,55.0,東田明士,栗,水谷美穂,ナカノファーム,リアルインパクト,ラクテウスオルビス,23101235,4,ホワイトマズル,鹿毛,1,-1,0,0,13,     0,     0, 0,   0.0,0,0725540501
251214,中京,5, 2,新馬,ダ,1800,ヒロノフウジン,牡,2,川端海翼,53.0,宮本博,栗,高原将浩,千代田牧場,マジェスティックウォリアー,ラブミーテンダー,23102959,4,ゼンノロブロイ,鹿毛,2,-1,0,0,13,     0,     0, 0,   0.0,0,0725540502
251214,中京,5, 3,新馬,ダ,1800,トコトコクマチ,牡,2,国分恭介,56.0,岡田稲男,栗,一村哲也,小泉牧場,ホッコータルマエ,ムニン,23104077,4,Bernardini,鹿毛,3,-1,0,0,13,     0,     0, 0,   0.0,0,0725540503
251214,中京,5, 4,新馬,ダ,1800,ウルフ,牡,2,松本大輝,55.0,渡辺薫彦,栗,石川達絵,市川牧場,ナダル,カルディーン,23103636,4,"Roman Ruler",黒鹿,4,-1,0,0,13,   750,   400, 0,   0.0,0,0725540504
251214,中京,5, 5,新馬,ダ,1800,フィサブロス,牡,2,斎藤新,56.0,橋口慎介,栗,ノースヒルズ,土居牧場,レイデオロ,アンジュエ,23100230,4,アグネスタキオン,栗毛,4,-1,0,0,13,   190,     0, 0,   0.0,0,0725540505
251214,中京,5, 6,新馬,ダ,1800,テイエムテンジン,牡,2,国分優作,56.0,小椋研介,栗,竹園正繼,日高テイエム牧場,サトノアラジン,ダウンタウンガール,23101329,4,"City Zip",鹿毛,5,-1,0,0,13,   110,     0, 0,   0.0,0,0725540506
251214,中京,5, 7,新馬,ダ,1800,ミニュイ,牡,2,黛弘人,56.0,秋山真一,栗,インゼルレーシング,杵臼牧場,ドレフォン,シンデレラ,23104866,4,ハーツクライ,鹿毛,5,-1,0,0,13,     0,     0, 0,   0.0,0,0725540507
251214,中京,5, 8,新馬,ダ,1800,タイムトゥパーティ,牝,2,今村聖奈,53.0,茶木太樹,栗,吉澤ホールディングス,中脇栄,アルアイン,スターライトピンク,23102156,4,バゴ,鹿毛,6,-1,0,0,13,     0,     0, 0,   0.0,0,0725540508
251214,中京,5, 9,新馬,ダ,1800,フウリンカザン,牡,2,中井裕二,56.0,前川恭子,栗,川勝裕之,藤原牧場,カリフォルニアクローム,エイジアンウインズ,23105564,4,フジキセキ,鹿毛,6,-1,0,0,13,     0,     0, 0,   0.0,0,0725540509
251214,中京,5,10,新馬,ダ,1800,ベルソテイラ,牝,2,富田暁,55.0,西村真幸,栗,宮崎俊也,ゴールドアップカンパニー,ホッコータルマエ,ティープラズマ,23102641,4,エンパイアメーカー,鹿毛,7,-1,0,0,13,   300,     0, 0,   0.0,0,0725540510
251214,中京,5,11,新馬,ダ,1800,トーセンブリラーレ,牡,2,長浜鴻緒,54.0,小笠倫弘,美,島川隆哉,エスティファーム,トーセンレーヴ,トーセンガーネット,23105943,4,アグネスデジタル,鹿毛,7,-1,0,0,13,    75,     0, 0,   0.0,0,0725540511
251214,中京,5,12,新馬,ダ,1800,テクノラッシュ,牡,2,和田陽希,53.0,宮本博,栗,梶山高志,大作ステーブル,トランセンド,トウケイスペシャル,23104223,4,スペシャルウィーク,黒鹿,8,-1,0,0,13,     0,     0, 0,   0.0,0,0725540512
251214,中京,5,13,新馬,ダ,1800,テーオーモナーク,牡,2,小沢大仁,56.0,奥村豊,栗,小笹公也,三嶋牧場,ロジャーバローズ,アプローズ,23104995,4,Acclamation,鹿毛,8,-1,0,0,13,     0,     0, 0,   0.0,0,0725540513
251214,中京,6, 1,１勝ｸﾗｽ・牝,芝,2000,コスモチプリア,牝,5,石神深道,53.0,松永康利,美,ビッグレッドファーム,ビッグレッドファーム,ゴールドシップ,ホワイトウインド,20105774,4,スウェプトオーヴァーボード,芦毛,1,-1,0,0,18,  1789,     0, 0,   0.0,0,0725540601
251214,中京,6, 2,１勝ｸﾗｽ・牝,芝,2000,ヒルノレーダン,牝,3,丸山元気,55.0,昆貢,栗,ヒルノ,サカイファーム,サートゥルナーリア,ヒルノリスボン,22103816,4,マンハッタンカフェ,黒鹿,1,-1,0,0,18,   780,   400, 0,   0.0,0,0725540602
251214,中京,6, 3,１勝ｸﾗｽ・牝,芝,2000,メイショウピリカ,牝,3,和田陽希,52.0,本田優,栗,松本好隆,中脇一幸,オルフェーヴル,メイショウバーズ,22102550,4,タニノギムレット,鹿毛,2,-1,0,0,18,   680,   400, 0,   0.0,0,0725540603
251214,中京,6, 4,１勝ｸﾗｽ・牝,芝,2000,マーゴットレジーナ,牝,3,永島まな,53.0,小林真也,栗,前田良平,下河辺牧場,モーリス,カーリンホーク,22101400,4,Curlin,黒鹿,2,-1,0,0,18,  1800,   400, 0,   0.0,0,0725540604
251214,中京,6, 5,１勝ｸﾗｽ・牝,芝,2000,サツキスマイル,牝,5,古川奈穂,53.0,石栗龍彦,美,小野博郷,中原牧場,リオンディーズ,スマイルフラワー,20101963,4,ステイゴールド,鹿毛,3,-1,0,0,18,   160,   120, 0,   0.0,0,0725540605
251214,中京,6, 6,１勝ｸﾗｽ・牝,芝,2000,モルティフレーバー,牝,3,小沢大仁,55.0,清水久詞,栗,キャロットファーム,ノーザンファーム,キタサンブラック,チャイマックス,22104901,4,Congrats,鹿毛,3,-1,0,0,18,   840,   400, 0,   0.0,0,0725540606
251214,中京,6, 7,１勝ｸﾗｽ・牝,芝,2000,ペプロス,牝,3,菊沢一樹,55.0,矢野英一,美,井山登,上山牧場,サートゥルナーリア,サラファン,22100106,4,アグネスタキオン,鹿毛,4,-1,0,0,18,   754,   400, 0,   0.0,0,0725540607
251214,中京,6, 8,１勝ｸﾗｽ・牝,芝,2000,エレガンシア,牝,3,鷲頭虎太,53.0,高柳大輔,栗,広尾レース,木村秀則,ルーラーシップ,ステラリード,22103705,4,スペシャルウィーク,鹿毛,4,-1,0,0,18,   991,   400, 0,   0.0,0,0725540608
251214,中京,6, 9,１勝ｸﾗｽ・牝,芝,2000,ワイドリューレント,牝,3,城戸義政,55.0,奥村豊,栗,幅田昌伸,中田英樹,リアルスティール,フレジエ,22100792,4,ハービンジャー,鹿毛,5,-1,0,0,18,   668,     0, 0,   0.0,0,0725540609
251214,中京,6,10,１勝ｸﾗｽ・牝,芝,2000,エンスエーニョ,牝,3,亀田温心,55.0,佐藤悠太,栗,サンデーレーシング,ノーザンファーム,Frankel,ドリームアンドドゥ,22104936,4,Siyouni,鹿毛,5,-1,0,0,18,   722,     0, 0,   0.0,0,0725540610
251214,中京,6,11,１勝ｸﾗｽ・牝,芝,2000,テンミラクルスター,牝,3,今村聖奈,53.0,辻哲英,美,天白泰司,いとう牧場,エピファネイア,ミスパッション,22101134,4,ディープブリランテ,栗毛,6,-1,0,0,18,  1560,   900, 0,   0.0,0,0725540611
251214,中京,6,12,１勝ｸﾗｽ・牝,芝,2000,ホウオウペトリュス,牝,4,富田暁,56.0,須貝尚介,栗,小笹芳央,ノーザンファーム,スワーヴリチャード,パシオンルージュ,21105694,4,ボストンハーバー,栗毛,6,-1,0,0,18,  1220,   400, 0,   0.0,0,0725540612
251214,中京,6,13,１勝ｸﾗｽ・牝,芝,2000,リヴァイデント,牝,4,柴田裕一,54.0,秋山真一,栗,ノルマンディーサラブレッドレーシング,岡田スタツド,ブリックスアンドモルタル,オートクレール,21103490,4,デュランダル,鹿毛,7,-1,0,0,18,     0,   140, 0,   0.0,0,0725540613
251214,中京,6,14,１勝ｸﾗｽ・牝,芝,2000,ニシノコマチムスメ,牝,4,長浜鴻緒,54.0,松山将樹,美,西山茂行,西山牧場,ルーラーシップ,ニシノハナムスメ,21107253,4,ディープインパクト,鹿毛,7,-1,0,0,18,  1080,   400, 0,   0.0,0,0725540614
251214,中京,6,15,１勝ｸﾗｽ・牝,芝,2000,デルマジュテーム,牝,3,的場勇人,55.0,的場均,美,浅沼廣幸,ファニーヒルファーム,ノヴェリスト,デルマチャチャ,22101969,4,サムライハート,黒鹿,7,-1,0,0,18,   696,   400, 0,   0.0,0,0725540615
251214,中京,6,16,１勝ｸﾗｽ・牝,芝,2000,カポレイラ,牝,3,上里直汰,52.0,中舘英二,美,山本剛士,新冠橋本牧場,アドマイヤマーズ,プリティカポレイ,22106593,4,クロフネ,鹿毛,8,-1,0,0,18,   872,   400, 0,   0.0,0,0725540616
251214,中京,6,17,１勝ｸﾗｽ・牝,芝,2000,サウンドサンライズ,牝,3,斎藤新,55.0,東田明士,栗,ライフハウス,ノーザンファーム,モーリス,マハーバーラタ,22105060,4,ディープインパクト,鹿毛,8,-1,0,0,18,  1040,   400, 0,   0.0,0,0725540617
251214,中京,6,18,１勝ｸﾗｽ・牝,芝,2000,フィオレストラーダ,牝,3,泉谷楓真,55.0,杉山晴紀,栗,ロードホースクラブ,ケイアイファーム,エピファネイア,キャトルフィーユ,22100626,4,ディープインパクト,鹿毛,8,-1,0,0,18,   900,   400, 0,   0.0,0,0725540618
251214,中京,7, 1,１勝ｸﾗｽ・若,ダ,1800,チギリ,牝,3,石神深道,52.0,鹿戸雄一,美,北村栄治,社台ファーム,レッドファルクス,ナチュラルスタンス,22105429,4,フジキセキ,芦毛,1,-1,0,0,15,  1270,   400, 0,   0.0,0,0725540701
251214,中京,7, 2,１勝ｸﾗｽ・若,ダ,1800,メイショウハリソン,牡,3,小沢大仁,57.0,石橋守,栗,松本好隆,三嶋牧場,ブリックスアンドモルタル,メイショウオウヒ,22103250,4,マンハッタンカフェ,黒鹿,2,-1,0,0,15,   140,     0, 0,   0.0,0,0725540702
251214,中京,7, 3,１勝ｸﾗｽ・若,ダ,1800,ハギノカノア,牡,5,大久保友,55.0,秋山真一,栗,安岡美津子,村下明博,ロードカナロア,ハギノフェリス,20100978,4,ディープインパクト,鹿毛,2,-1,0,0,15,   440,     0, 0,   0.0,0,0725540703
251214,中京,7, 4,１勝ｸﾗｽ・若,ダ,1800,テーオーノーベル,牡,3,柴田裕一,55.0,岡田稲男,栗,小笹公也,田上徹,ロードカナロア,ジャストアスミッジ,22100725,4,"Into Mischief",芦毛,3,-1,0,0,15,   510,   400, 0,   0.0,0,0725540704
251214,中京,7, 5,１勝ｸﾗｽ・若,ダ,1800,ルグランシャリオ,牡,3,河原田菜,53.0,石栗龍彦,美,ライオンレースホース,浦河日成牧場,フサイチセブン,ティーエスベリー,22102611,4,"New Approach",鹿毛,3,-1,0,0,15,   276,     0, 0,   0.0,0,0725540705
251214,中京,7, 6,１勝ｸﾗｽ・若,ダ,1800,キュードス,牡,3,永島まな,55.0,荒川義之,栗,小林竜太郎,須崎牧場,ミスターメロディ,アルカンジュ,22106312,4,チチカステナンゴ,鹿毛,4,-1,0,0,15,   820,   400, 0,   0.0,0,0725540706
251214,中京,7, 7,１勝ｸﾗｽ・若,ダ,1800,ヒサエノオモカゲ,牝,3,長浜鴻緒,53.0,千葉直人,美,渡邊英俊,千葉飯田牧場,ノーブルミッション,クレマチスクィーン,22101710,4,ダンスインザダーク,鹿毛,4,-1,0,0,15,  1392,   400, 0,   0.0,0,0725540707
251214,中京,7, 8,１勝ｸﾗｽ・若,ダ,1800,リュミナーズ,牝,3,亀田温心,55.0,堀内岳志,美,下河辺牧場,下河辺牧場,ルヴァンスレーヴ,レセディラローナ,22101465,4,エンパイアメーカー,栗毛,5,-1,0,0,15,  1310,   400, 0,   0.0,0,0725540708
251214,中京,7, 9,１勝ｸﾗｽ・若,ダ,1800,ラルガメンテ,牝,3,斎藤新,55.0,尾関知人,美,シルクレーシング,レイクヴィラファーム,ドゥラメンテ,メジロツボネ,22105982,4,スウェプトオーヴァーボード,鹿毛,5,-1,0,0,15,  1270,   400, 0,   0.0,0,0725540709
251214,中京,7,10,１勝ｸﾗｽ・若,ダ,1800,シゲルオトヒメ,牝,6,古川奈穂,53.0,谷潔,栗,關美和,木下牧場,ベルシャザール,ピースヴィクトリア,19102986,4,マヤノトップガン,芦毛,6,-1,0,0,15,  2422,   400, 0,   0.0,0,0725540710
251214,中京,7,11,１勝ｸﾗｽ・若,ダ,1800,リアルペガサス,牡,4,和田陽希,55.0,大橋勇樹,栗,水谷光太郎,宮内牧場,ダンカーク,ボストンビリーヴ,21103316,4,アグネスタキオン,芦毛,6,-1,0,0,15,   816,   450, 0,   0.0,0,0725540711
251214,中京,7,12,１勝ｸﾗｽ・若,ダ,1800,コウジョリョウゾク,牡,3,橋木太希,54.0,牧田和弥,栗,内田玄祥,林孝輝,ルヴァンスレーヴ,メイショウキズナ,22103135,4,チチカステナンゴ,鹿毛,7,-1,0,0,15,  1416,   900, 0,   0.0,0,0725540712
251214,中京,7,13,１勝ｸﾗｽ・若,ダ,1800,トーアケルキラ,セ,3,鷲頭虎太,55.0,辻哲英,美,高山ランド,トーア牧場,イスラボニータ,トーアシシイ,22105903,4,ボストンハーバー,栗毛,7,-1,0,0,15,   900,     0, 0,   0.0,0,0725540713
251214,中京,7,14,１勝ｸﾗｽ・若,ダ,1800,ウインドワンピース,牡,5,川端海翼,55.0,新開幸一,美,福原正博,岡田スタツド,ヴァンセンヌ,シーデイライト,20103901,4,ヘニーヒューズ,鹿毛,8,-1,0,0,15,   753,   400, 0,   0.0,0,0725540714
251214,中京,7,15,１勝ｸﾗｽ・若,ダ,1800,ロストボール,セ,6,上里直汰,55.0,加藤和宏,美,大田恭充,山田政宏,フリオーソ,センスオブラヴ,19106972,4,ストリートセンス,栗毛,8,-1,0,0,15,   390,   230, 0,   0.0,0,0725540715
251214,中京,8, 1,１勝ｸﾗｽ,ダ,1400,ランドブレイブ,牡,3,国分恭介,57.0,安達昭夫,栗,木村昌三,松本信行,アジアエクスプレス,ハロードリーム,22106943,4,ブライアンズタイム,栗毛,1,-1,0,0,16,     0,   400, 0,   0.0,0,0725540801
251214,中京,8, 2,１勝ｸﾗｽ,ダ,1400,ダイオジェナイト,牡,4,丸山元気,58.0,稲垣幸雄,美,キャロットファーム,ノーザンファーム,リアルインパクト,エイコンドライト,21105432,4,"Lord Kanaloa",黒鹿,1,-1,0,0,16,  1773,   400, 0,   0.0,0,0725540802
251214,中京,8, 3,１勝ｸﾗｽ,ダ,1400,ケイアイワイラーパ,牡,3,亀田温心,57.0,野中賢二,栗,亀田和弘,富田牧場,ブリックスアンドモルタル,クインズミラーグロ,22103053,4,マンハッタンカフェ,青鹿,2,-1,0,0,16,   883,     0, 0,   0.0,0,0725540803
251214,中京,8, 4,１勝ｸﾗｽ,ダ,1400,ラウダブル,牡,4,小沢大仁,58.0,池江泰寿,栗,G1レーシング,追分ファーム,キズナ,クイーンカトリーン,21104752,4,Acclamation,鹿毛,2,-1,0,0,16,   661,   400, 0,   0.0,0,0725540804
251214,中京,8, 5,１勝ｸﾗｽ,ダ,1400,フレイムジョーカー,牡,6,小崎綾也,58.0,岩戸孝樹,美,ノルマンディーサラブレッドレーシング,岡田スタツド,ロージズインメイ,オヒア,19105745,4,ブラックタイド,鹿毛,3,-1,0,0,16,   797,   480, 0,   0.0,0,0725540805
251214,中京,8, 6,１勝ｸﾗｽ,ダ,1400,バルミラクル,牡,3,鮫島良太,57.0,河嶋宏樹,栗,田中真史,川島牧場,マクフィ,ミラクルクロス,22106177,4,フジキセキ,鹿毛,3,-1,0,0,16,  2036,   400, 0,   0.0,0,0725540806
251214,中京,8, 7,１勝ｸﾗｽ,ダ,1400,ソードマスター,牡,3,斎藤新,57.0,斎藤誠,美,社台レースホース,社台ファーム,エピファネイア,デアリングエッジ,22105415,4,キングカメハメハ,鹿毛,4,-1,0,0,16,  1261,   400, 0,   0.0,0,0725540807
251214,中京,8, 8,１勝ｸﾗｽ,ダ,1400,メイショウサトノヒ,牡,3,松本大輝,56.0,長谷川浩,栗,松本好隆,岡田牧場,ニューイヤーズデイ,マンボビーン,22103634,4,スズカマンボ,鹿毛,4,-1,0,0,16,  1566,   400, 0,   0.0,0,0725540808
251214,中京,8, 9,１勝ｸﾗｽ,ダ,1400,エンドレスロード,牡,6,古川奈穂,55.0,高橋一哉,栗,前田幸貴,ノースヒルズ,クロフネ,ラナンキュラス,19100665,4,スペシャルウィーク,鹿毛,5,-1,0,0,16,   520,   400, 0,   0.0,0,0725540809
251214,中京,8,10,１勝ｸﾗｽ,ダ,1400,カルフ,セ,4,嶋田純次,58.0,大和田成,美,ミルファーム,ミルファーム,カリフォルニアクローム,ミナレット,21103342,4,スズカマンボ,栗毛,5,-1,0,0,16,  1168,   400, 0,   0.0,0,0725540810
251214,中京,8,11,１勝ｸﾗｽ,ダ,1400,オレノアイバ,牡,5,橋木太希,55.0,高橋康之,栗,大田恭充,中山高鹿康,ダンカーク,イシュトリルトン,20105472,4,ムーンバラッド,黒鹿,6,-1,0,0,16,     0,   290, 0,   0.0,0,0725540811
251214,中京,8,12,１勝ｸﾗｽ,ダ,1400,シュレン,牝,3,菊沢一樹,55.0,千葉直人,美,二風谷ファーム,二風谷ファーム,ディーマジェスティ,トウカイフィーバー,22102380,4,エンパイアメーカー,青鹿,6,-1,0,0,16,  2350,   400, 0,   0.0,0,0725540812
251214,中京,8,13,１勝ｸﾗｽ,ダ,1400,メイケイレイン,牡,3,柴田裕一,55.0,中竹和也,栗,名古屋競馬,厚賀古川牧場,レイデオロ,ベルライン,22101043,4,ダイワメジャー,黒鹿,7,-1,0,0,16,  1650,   400, 0,   0.0,0,0725540813
251214,中京,8,14,１勝ｸﾗｽ,ダ,1400,バーケンティン,牡,4,富田暁,58.0,平田修,栗,サンデーレーシング,ノーザンファーム,ロードカナロア,リーチング,21105868,4,Dansili,鹿毛,7,-1,0,0,16,   857,   400, 0,   0.0,0,0725540814
251214,中京,8,15,１勝ｸﾗｽ,ダ,1400,スーパーバイザー,牡,4,上里直汰,55.0,菊沢隆徳,美,高嶋航,吉田ファーム,ルーラーシップ,セレブレーション,21101015,4,ハーツクライ,鹿毛,8,-1,0,0,16,   820,   400, 0,   0.0,0,0725540815
251214,中京,8,16,１勝ｸﾗｽ,ダ,1400,キョウエイカンセ,牡,4,長浜鴻緒,56.0,萱野浩二,美,田中晴夫,春木ファーム,ビッグアーサー,キョウエイレガシー,21101905,4,ハービンジャー,鹿毛,8,-1,0,0,16,  2342,   900, 0,   0.0,0,0725540816
251214,中京,9, 1,大須特別･1勝,ダ,1800,ララマルシュドロワ,セ,5,国分優作,58.0,坂口智康,栗,フジイ興産,"Randal Family Trust",Collected,"Draw It",20110116,4,Tapit,鹿毛,1,-1,0,0,12,  1443,   400, 0,   0.0,0,0725540901
251214,中京,9, 2,大須特別･1勝,ダ,1800,レッドシュトラール,牡,3,丸山元気,57.0,宮田敬介,美,東京ホースレーシング,ノーザンファーム,リアルインパクト,レッドオリヴィア,22105156,4,ジャングルポケット,栗毛,2,-1,0,0,12,   840,   400, 0,   0.0,0,0725540902
251214,中京,9, 3,大須特別･1勝,ダ,1800,スコーピオンイメル,牡,3,小崎綾也,57.0,武英智,栗,ケーエスHD,前谷牧場,ホッコータルマエ,ダーリングバード,22104496,4,Birdstone,鹿毛,3,-1,0,0,12,  1387,   400, 0,   0.0,0,0725540903
251214,中京,9, 4,大須特別･1勝,ダ,1800,ブラーブデシジョン,牡,3,長浜鴻緒,57.0,牧光二,美,KRジャパン,グランド牧場,マクフィ,ナタリー,22103763,4,ディープインパクト,鹿毛,4,-1,0,0,12,   906,   400, 0,   0.0,0,0725540904
251214,中京,9, 5,大須特別･1勝,ダ,1800,レッドボブ,牡,3,亀田温心,57.0,田中克典,栗,エースレーシング,ノーザンファーム,レッドファルクス,マコトクラダリング,22105055,4,シンボリクリスエス,栗毛,5,-1,0,0,12,  3363,   900, 0,   0.0,0,0725540905
251214,中京,9, 6,大須特別･1勝,ダ,1800,エテルノレガーメ,牡,3,国分恭介,57.0,野中賢二,栗,グリーンファーム,社台ファーム,キズナ,マゲバ,22107185,4,"Wootton Bassett",青鹿,5,-1,0,0,12,   632,   400, 0,   0.0,0,0725540906
251214,中京,9, 7,大須特別･1勝,ダ,1800,モーメントキャッチ,牡,5,菊沢一樹,58.0,松山将樹,美,YGGホースクラブ,藤沢牧場,モーリス,シュシュブリーズ,20104725,4,フジキセキ,鹿毛,6,-1,0,0,12,  2993,     0, 0,   0.0,0,0725540907
251214,中京,9, 8,大須特別･1勝,ダ,1800,ノアヴィヴァーチェ,牡,3,菅原隆一,57.0,鈴木慎太,美,佐山公男,びらとり牧場,モーニン,トウカイネオ,22102446,4,ハービンジャー,鹿毛,6,-1,0,0,12,   720,   400, 0,   0.0,0,0725540908
251214,中京,9, 9,大須特別･1勝,ダ,1800,ケイアイアルタイル,牡,4,藤懸貴志,58.0,梅田智之,栗,ケイアイスタリオン,高昭牧場,ニューイヤーズデイ,カーディナルコーヴ,21100711,4,Leroidesanimaux,栗毛,7,-1,0,0,12,  1112,   400, 0,   0.0,0,0725540909
251214,中京,9,10,大須特別･1勝,ダ,1800,タリスマン,牡,4,黛弘人,58.0,金成貴史,美,リトルブルーファーム,リトルブルーファーム,タリスマニック,クロエチャン,21104618,4,スパイキュール,黒鹿,7,-1,0,0,12,   830,   400, 0,   0.0,0,0725540910
251214,中京,9,11,大須特別･1勝,ダ,1800,ゼットエイト,牡,3,富田暁,57.0,宮地貴稔,栗,フォーレスト,ノースガーデン,シルバーステート,ゼットイーリス,22101889,4,ハードスパン,黒鹿,8,-1,0,0,12,   632,   400, 0,   0.0,0,0725540911
251214,中京,9,12,大須特別･1勝,ダ,1800,ジェロニモス,牡,4,小沢大仁,58.0,中村直也,栗,ノルマンディーサラブレッドレーシング,グッドラック・ファーム,ルーラーシップ,アズレージョ,21101280,4,タートルボウル,鹿毛,8,-1,0,0,12,  1383,   400, 0,   0.0,0,0725540912
251214,中京,10, 1,一宮特別･2勝,芝,2200,マイネルシーマー,牡,6,小崎綾也,58.0,青木孝文,美,サラブレッドクラブ・ラフィアン,ビッグレッドファーム,ゴールドシップ,マイネアルナイル,19100774,4,ロージズインメイ,黒鹿,1,-1,0,0,10,  3811,   900, 0,   0.0,0,0725541001
251214,中京,10, 2,一宮特別･2勝,芝,2200,サイモンルモンド,セ,8,長浜鴻緒,58.0,根本康広,美,澤田昭紀,ヤナガワ牧場,ダノンシャンティ,プレゼンスウーマン,17106722,4,サクラローレル,栗毛,2,-1,0,0,10,  3666,   900, 0,   0.0,0,0725541002
251214,中京,10, 3,一宮特別･2勝,芝,2200,ジェットブレード,牡,3,菊沢一樹,56.0,青木孝文,美,岡田牧雄,岡田スタツド,ビーチパトロール,ジュリーハーツ,22103522,4,ハーツクライ,黒鹿,3,-1,0,0,10,  3138,   900, 0,   0.0,0,0725541003
251214,中京,10, 4,一宮特別･2勝,芝,2200,オルトパラティウム,牡,4,松本大輝,58.0,安田翔伍,栗,社台レースホース,社台ファーム,エピファネイア,ザレマ,21105056,4,ダンスインザダーク,栗毛,4,-1,0,0,10,  3420,   900, 0,   0.0,0,0725541004
251214,中京,10, 5,一宮特別･2勝,芝,2200,バルナバ,牡,3,斎藤新,56.0,浜田多実,栗,ノースヒルズ,ノースヒルズ,ハービンジャー,クライミングローズ,22106633,4,マンハッタンカフェ,鹿毛,5,-1,0,0,10,  3860,  1500, 0,   0.0,0,0725541005
251214,中京,10, 6,一宮特別･2勝,芝,2200,レイヤードレッド,牡,3,嶋田純次,56.0,手塚貴久,美,ミルファーム,ミルファーム,フィエールマン,エキナシア,22103310,4,スニッツェル,鹿毛,6,-1,0,0,10,  2424,   900, 0,   0.0,0,0725541006
251214,中京,10, 7,一宮特別･2勝,芝,2200,ダノンジョーカー,牡,3,小沢大仁,56.0,中内田充,栗,ダノックス,ケイアイファーム,ロードカナロア,ラコロネル,22100658,4,"Colonel John",黒鹿,7,-1,0,0,10,  2430,   900, 0,   0.0,0,0725541007
251214,中京,10, 8,一宮特別･2勝,芝,2200,ビッグデイメイク,牝,3,石神深道,54.0,和田雄二,美,Mr.ホース,富田恭司,リアルスティール,エインセル,22102532,4,メイショウサムソン,鹿毛,7,-1,0,0,10,     0,   740, 0,   0.0,0,0725541008
251214,中京,10, 9,一宮特別･2勝,芝,2200,イーサンアイ,牡,6,鮫島良太,58.0,河嶋宏樹,栗,国本勇,高瀬牧場,キズナ,ビバエルフ,19100326,4,コロナドズクエスト,黒鹿,8,-1,0,0,10,   387,   850, 0,   0.0,0,0725541009
251214,中京,10,10,一宮特別･2勝,芝,2200,バンフィエルド,牡,6,国分恭介,58.0,緒方努,栗,平川三津,社台コーポレーション白老ファーム,オルフェーヴル,エヴィータアルゼンティーナ,19104531,4,"Candy Ride",栗毛,8,-1,0,0,10,  2430,   720, 0,   0.0,0,0725541010
251214,中京,11, 1,知立Ｓ･3勝,芝,1200,ロードトレイル,牡,4,長浜鴻緒,58.0,藤岡健一,栗,ロードホースクラブ,ケイアイファーム,ロードカナロア,パラダイスリッジ,21100157,4,ディープインパクト,鹿毛,1,-1,0,0,10,  4142,  1500, 0,   0.0,0,0725541101
251214,中京,11, 2,知立Ｓ･3勝,芝,1200,エコロマーズ,牡,4,小沢大仁,58.0,牧浦充徳,栗,原村正紀,藤本ファーム,シルバーステート,フィナリザール,21102016,4,Congrats,黒鹿,2,-1,0,0,10,  6607,  1500, 0,   0.0,0,0725541102
251214,中京,11, 3,知立Ｓ･3勝,芝,1200,ブラックケリー,牝,3,富田暁,55.0,長谷川浩,栗,水谷美穂,中田英樹,モーリス,フィールグリュック,22100791,4,ストラヴィンスキー,黒鹿,3,-1,0,0,10,  2960,  1500, 0,   0.0,0,0725541103
251214,中京,11, 4,知立Ｓ･3勝,芝,1200,ベイビーキッス,牝,3,菊沢一樹,55.0,青木孝文,美,江川伸夫,清水スタッド,サンダースノー,タイキエイワン,22102514,4,フサイチコンコルド,栗毛,4,-1,0,0,10,  5643,  1500, 0,   0.0,0,0725541104
251214,中京,11, 5,知立Ｓ･3勝,芝,1200,キャプテンシー,牡,4,亀田温心,58.0,松永幹夫,栗,サンデーレーシング,ノーザンファーム,モーリス,アドマイヤリード,21105370,4,ステイゴールド,鹿毛,5,-1,0,0,10,  4944,  1600, 0,   0.0,0,0725541105
251214,中京,11, 6,知立Ｓ･3勝,芝,1200,ダークエクリプス,牡,6,荻野琢真,58.0,今野貞一,栗,矢野秀春,矢野牧場,ドゥラメンテ,スターズインハーアイズ,19106739,4,Woodman,青鹿,6,-1,0,0,10,  5274,  1500, 0,   0.0,0,0725541106
251214,中京,11, 7,知立Ｓ･3勝,芝,1200,モズナナスター,牝,3,丸山元気,55.0,矢作芳人,栗,キャピタル・システム,上村清志,モズアスコット,グランプリエンゼル,22100490,4,アグネスデジタル,栗毛,7,-1,0,0,10,  6990,  2500, 0,   0.0,0,0725541107
251214,中京,11, 8,知立Ｓ･3勝,芝,1200,サウスバンク,牝,3,小崎綾也,55.0,吉岡辰弥,栗,下河辺隆行,下河辺牧場,グレーターロンドン,パッションローズ,22101443,4,アフリート,鹿毛,7,-1,0,0,10,  4700,  1500, 0,   0.0,0,0725541108
251214,中京,11, 9,知立Ｓ･3勝,芝,1200,ジャスリー,牡,5,松本大輝,58.0,田島俊明,美,越村洋子,社台ファーム,ルーラーシップ,オールドパサデナ,20102814,4,"Empire Maker",鹿毛,8,-1,0,0,10,  5244,  1500, 0,   0.0,0,0725541109
251214,中京,11,10,知立Ｓ･3勝,芝,1200,オソレ,牡,4,藤懸貴志,58.0,小崎憲,栗,龍光,長浜忠,タニノギムレット,シスネ,21106510,4,サムライハート,芦毛,8,-1,0,0,10,     0,  1150, 0,   0.0,0,0725541110
251214,中京,12, 1,１勝ｸﾗｽ,芝,1600,フォーカルフラワー,牝,5,松本大輝,55.0,国枝栄,美,社台レースホース,社台ファーム,ロードカナロア,ソラリア,20102926,4,"Scat Daddy",鹿毛,1,-1,0,0,16,  2420,   400, 0,   0.0,0,0725541201
251214,中京,12, 2,１勝ｸﾗｽ,芝,1600,エナジーショット,牝,3,長浜鴻緒,53.0,矢嶋大樹,美,下河辺隆行,下河辺牧場,サンダースノー,スペシャルピース,22101425,4,スペシャルウィーク,栗毛,1,-1,0,0,16,  1140,   400, 0,   0.0,0,0725541202
251214,中京,12, 3,１勝ｸﾗｽ,芝,1600,ウインベアトリス,牝,3,石神深道,52.0,深山雅史,美,ウイン,コスモヴューファーム,エピファネイア,ウインシャトレーヌ,22106214,4,ダイワメジャー,鹿毛,2,-1,0,0,16,  1870,   900, 0,   0.0,0,0725541203
251214,中京,12, 4,１勝ｸﾗｽ,芝,1600,カントゥータ,牝,4,上里直汰,53.0,佐藤吉勝,美,山邉浩,社台コーポレーション白老ファーム,リアルスティール,レディシャツィ,21104933,4,"Privately Held",鹿毛,2,-1,0,0,16,   290,   140, 0,   0.0,0,0725541204
251214,中京,12, 5,１勝ｸﾗｽ,芝,1600,レッドレナート,牡,4,嶋田純次,58.0,手塚貴久,美,東京ホースレーシング,信岡牧場,レッドファルクス,マレーナ,21103145,4,ダイワメジャー,芦毛,3,-1,0,0,16,  2557,   400, 0,   0.0,0,0725541205
251214,中京,12, 6,１勝ｸﾗｽ,芝,1600,スナークピカソ,牡,3,斎藤新,57.0,高橋一哉,栗,杉本豊,千代田牧場,アジアエクスプレス,ホームアゲイン,22104171,4,ディープインパクト,鹿毛,3,-1,0,0,16,  1245,   400, 0,   0.0,0,0725541206
251214,中京,12, 7,１勝ｸﾗｽ,芝,1600,ニシノインヴィクタ,牡,4,菊沢一樹,58.0,本間忍,美,西山茂行,さとう,ブリックスアンドモルタル,ニシノミストレス,21100190,4,ルーラーシップ,鹿毛,4,-1,0,0,16,  2231,   400, 0,   0.0,0,0725541207
251214,中京,12, 8,１勝ｸﾗｽ,芝,1600,イリスアスール,牝,4,柴田裕一,54.0,角田晃一,栗,ノルマンディーサラブレッドレーシング,岡田スタツド,イスラボニータ,クイックメール,21103493,4,タイキシャトル,鹿毛,4,-1,0,0,16,  1370,   400, 0,   0.0,0,0725541208
251214,中京,12, 9,１勝ｸﾗｽ,芝,1600,シャインバオバブ,牡,3,黛弘人,57.0,本田優,栗,吉岡輝美,川島牧場,シルバーステート,レユシット,22106180,4,ルーラーシップ,青鹿,5,-1,0,0,16,  1686,   400, 0,   0.0,0,0725541209
251214,中京,12,10,１勝ｸﾗｽ,芝,1600,ストレイトアスク,牝,4,河原田菜,52.0,藤原英昭,栗,廣崎利洋HD,"ASK STUD",ロードカナロア,ストレイトガール,21102312,4,フジキセキ,鹿毛,5,-1,0,0,16,  1490,   400, 0,   0.0,0,0725541210
251214,中京,12,11,１勝ｸﾗｽ,芝,1600,タイキバルドル,牡,5,鮫島良太,58.0,勢司和浩,美,大樹ファーム,ビクトリーホースランチ,ダイワメジャー,タイキキララ,20106817,4,キングヘイロー,栗毛,6,-1,0,0,16,   740,   400, 0,   0.0,0,0725541211
251214,中京,12,12,１勝ｸﾗｽ,芝,1600,キタノクニカラ,牝,3,古川奈穂,52.0,小島茂之,美,ミルファーム,ミルファーム,ダノンバラード,キタノリツメイ,22103316,4,アイルハヴアナザー,鹿毛,6,-1,0,0,16,  1810,   400, 0,   0.0,0,0725541212
251214,中京,12,13,１勝ｸﾗｽ,芝,1600,カウンティフェア,牝,3,永島まな,53.0,高野友和,栗,飯田正剛,千代田牧場,サートゥルナーリア,カウントオンイット,22104121,4,クロフネ,栗毛,7,-1,0,0,16,   900,   400, 0,   0.0,0,0725541213
251214,中京,12,14,１勝ｸﾗｽ,芝,1600,ゴールドブレス,セ,4,国分恭介,58.0,西園翔太,栗,YGGホースクラブ,加野牧場,ゴールドシップ,ブーケドロゼブルー,21100081,4,ロージズインメイ,芦毛,7,-1,0,0,16,  1950,   400, 0,   0.0,0,0725541214
251214,中京,12,15,１勝ｸﾗｽ,芝,1600,ドライグ,牡,5,鷲頭虎太,56.0,大根田裕,栗,奥裕嗣,白井牧場,ダノンレジェンド,ラヴィーゲラン,20101652,4,スペシャルウィーク,鹿毛,8,-1,0,0,16,  1040,   400, 0,   0.0,0,0725541215
251214,中京,12,16,１勝ｸﾗｽ,芝,1600,カイトグート,牝,4,丸山元気,56.0,和田雄二,美,本田恒雄,須崎牧場,キズナ,マリブウィン,21106308,4,"Malibu Moon",鹿毛,8,-1,0,0,16,  1640,   400, 0,   0.0,0,0725541216
251214,阪神,1, 1,未勝利*,ダ,1800,ショウナンサフィラ,牡,2,北村友一,56.0,高橋義忠,栗,国本哲秀,村上欽哉,キズナ,ノック,23104631,4,Tapit,芦毛,1,-1,0,0,11,     0,     0, 0,   0.0,0,0925540101
251214,阪神,1, 2,未勝利*,ダ,1800,ノービレ,牡,2,西村淳也,56.0,小椋研介,栗,中村祐子,ケイアイファーム,ダノンプレミアム,レジデンス,23105826,4,"Cape Blanco",黒鹿,2,-1,0,0,11,    84,     0, 0,   0.0,0,0925540102
251214,阪神,1, 3,未勝利*,ダ,1800,クレマチス,牝,2,高杉吏麒,55.0,杉山佳明,栗,ノースヒルズ,ノースヒルズ,ラニ,ジャルダンスクレ,23104393,4,"Medaglia d'Oro",栗毛,3,-1,0,0,11,   131,     0, 0,   0.0,0,0925540103
251214,阪神,1, 4,未勝利*,ダ,1800,タケルフォーカス,牡,2,津村明秀,56.0,四位洋文,栗,森保彦,チャンピオンズファーム,サトノダイヤモンド,オスカーステージ,23106077,4,キングカメハメハ,鹿毛,4,-1,0,0,11,   140,     0, 0,   0.0,0,0925540104
251214,阪神,1, 5,未勝利*,ダ,1800,ディアギレフ,牡,2,渡辺竜也,56.0,中村直也,栗,KAJIMOTOホールディングス,グランド牧場,モーリス,シンシアズブレス,23102579,4,ダイワメジャー,鹿毛,5,-1,0,0,11,     0,     0, 0,   0.0,0,0925540105
251214,阪神,1, 6,未勝利*,ダ,1800,レッドブライトン,牡,2,松山弘平,56.0,奥村豊,栗,東京ホースレーシング,ノーザンファーム,ミッキーアイル,レーゲンボーゲン,23107357,4,フレンチデピュティ,鹿毛,6,-1,0,0,11,     0,     0, 0,   0.0,0,0925540106
251214,阪神,1, 7,未勝利*,ダ,1800,アメジストロード,牡,2,田山旺佑,53.0,新谷功一,栗,橋本慎太郎,高昭牧場,"Tom's d'Etat",マイラブベネズエラ,23101744,4,"Scat Daddy",鹿毛,6,-1,0,0,11,    75,     0, 0,   0.0,0,0925540107
251214,阪神,1, 8,未勝利*,ダ,1800,サリー,牝,2,森田誠也,52.0,前川恭子,栗,岡田牧雄,道見牧場,ロゴタイプ,レディー,23101217,4,ゴールドヘイロー,黒鹿,7,-1,0,0,11,     0,     0, 0,   0.0,0,0925540108
251214,阪神,1, 9,未勝利*,ダ,1800,キボウホー,牡,2,武豊,56.0,松永幹夫,栗,キーファーズ,社台ファーム,Zarak,シーユーオールウェイズ,23103431,4,Siyouni,黒鹿,7,-1,0,0,11,     0,     0, 0,   0.0,0,0925540109
251214,阪神,1,10,未勝利*,ダ,1800,サンライズケヴィン,牡,2,池添謙一,56.0,平田修,栗,松岡隆雄,浦河小林牧場,シニスターミニスター,カシュカシュ,23106546,4,アフリート,栗毛,8,-1,0,0,11,  1000,   400, 0,   0.0,0,0925540110
251214,阪神,1,11,未勝利*,ダ,1800,メイショウナナシロ,牡,2,田口貫太,56.0,石橋守,栗,松本好隆,矢野牧場,カリフォルニアクローム,キュリオスティー,23103284,4,ディープインパクト,栗毛,8,-1,0,0,11,   360,     0, 0,   0.0,0,0925540111
251214,阪神,2, 1,未勝利*,ダ,1400,ウイントッペン,牡,2,田口貫太,56.0,西園正都,栗,ウイン,ストームファームコーポレーション,エーシントップ,ドリームアドリーム,23109092,4,ディープインパクト,鹿毛,1,-1,0,0,16,   300,     0, 0,   0.0,0,0925540201
251214,阪神,2, 2,未勝利*,ダ,1400,モズタイシソウシ,牡,2,田山旺佑,53.0,平田修,栗,キャピタル・システム,オカモトファーム,モズアスコット,セイギハカツ,23105728,4,"Raven's Pass",鹿毛,1,-1,0,0,16,     0,     0, 0,   0.0,0,0925540202
251214,阪神,2, 3,未勝利*,ダ,1400,ショウナンアワード,牡,2,池添謙一,56.0,東田明士,栗,国本哲秀,天羽牧場,リアルスティール,ショウナンランジュ,23100604,4,キングカメハメハ,鹿毛,2,-1,0,0,16,     0,     0, 0,   0.0,0,0925540203
251214,阪神,2, 4,未勝利*,ダ,1400,ココラッシー,牡,2,渡辺竜也,56.0,西園翔太,栗,ビッグレッドファーム,上井農場,ゴールドドリーム,ベストマティーニ,23104040,4,ドリームジャーニー,鹿毛,2,-1,0,0,16,   140,     0, 0,   0.0,0,0925540204
251214,阪神,2, 5,未勝利*,ダ,1400,ビナハイバン,牡,2,西塚洸二,55.0,中尾秀正,栗,井之口二三雄,プログレスファーム,コパノリッキー,ビナスイート,23104499,4,シニスターミニスター,栗毛,3,-1,0,0,16,     0,     0, 0,   0.0,0,0925540205
251214,阪神,2, 6,未勝利*,ダ,1400,フィアレスウィル,牡,2,津村明秀,56.0,高橋義忠,栗,宮川純造,富田牧場,アドマイヤマーズ,ファインチョイス,23102144,4,アドマイヤムーン,鹿毛,3,-1,0,0,16,    75,     0, 0,   0.0,0,0925540206
251214,阪神,2, 7,未勝利*,ダ,1400,ジーティーピカソ,牡,2,西村淳也,56.0,宮地貴稔,栗,田畑利彦,谷川牧場,ヴァンゴッホ,プレインズウーマン,23102092,4,Zensational,鹿毛,4,-1,0,0,16,    75,     0, 0,   0.0,0,0925540207
251214,阪神,2, 8,未勝利*,ダ,1400,キングケープ,牡,2,酒井学,56.0,大橋勇樹,栗,伊藤裕章,友田牧場,フィエールマン,グリーンケープ,23102990,4,"Cape Cross",鹿毛,4,-1,0,0,16,    37,     0, 0,   0.0,0,0925540208
251214,阪神,2, 9,未勝利*,ダ,1400,バトルアックス,牡,2,坂井瑠星,56.0,今野貞一,栗,"CHEVAL ATTACHE",坂本晴美,ヘンリーバローズ,レディエントブルー,23102045,4,バトルプラン,鹿毛,5,-1,0,0,16,   520,     0, 0,   0.0,0,0925540209
251214,阪神,2,10,未勝利*,ダ,1400,ブルースプレイヤー,牡,2,森田誠也,53.0,高橋亮,栗,吉田照哉,社台ファーム,マインドユアビスケッツ,ジェラテリアバール,23103432,4,マンハッタンカフェ,鹿毛,5,-1,0,0,16,     0,     0, 0,   0.0,0,0925540210
251214,阪神,2,11,未勝利*,ダ,1400,ビーチェマーレ,牡,2,武豊,56.0,友道康夫,栗,キーファーズ,ノーザンファーム,ロードカナロア,ドリームアンドドゥ,23107140,4,Siyouni,鹿毛,6,-1,0,0,16,   131,     0, 0,   0.0,0,0925540211
251214,阪神,2,12,未勝利*,ダ,1400,ルクスドリーム,牡,2,吉村誠之,55.0,小崎憲,栗,ルクス,静内山田牧場,イスラボニータ,スマートアルファ,23102763,4,アグネスデジタル,黒鹿,6,-1,0,0,16,   131,     0, 0,   0.0,0,0925540212
251214,阪神,2,13,未勝利*,ダ,1400,ジャーナーリア,牡,2,和田竜二,56.0,本田優,栗,本間茂,厚賀古川牧場,サートゥルナーリア,ベルライン,23100596,4,ダイワメジャー,栗毛,7,-1,0,0,16,    84,     0, 0,   0.0,0,0925540213
251214,阪神,2,14,未勝利*,ダ,1400,アミラル,牡,2,高杉吏麒,56.0,渡辺薫彦,栗,カナヤマホールディングス,村田牧場,ルヴァンスレーヴ,ベルキューズ,23104682,4,ヘニーヒューズ,鹿毛,7,-1,0,0,16,   190,     0, 0,   0.0,0,0925540214
251214,阪神,2,15,未勝利*,ダ,1400,カナタコナタ,牡,2,松山弘平,56.0,高橋一哉,栗,花井栄治,メイタイファーム,ゴールドドリーム,ツカサリボン,23104700,4,キングカメハメハ,鹿毛,8,-1,0,0,16,   834,   400, 0,   0.0,0,0925540215
251214,阪神,2,16,未勝利*,ダ,1400,セルシャーム,牡,2,菱田裕二,56.0,野中賢二,栗,今村明浩,白井牧場,ロジャーバローズ,セシャルマン,23100992,4,ワークフォース,鹿毛,8,-1,0,0,16,    56,     0, 0,   0.0,0,0925540216
251214,阪神,3, 1,未勝利*,芝,1800,ミエノクラウン,牡,2,西塚洸二,55.0,高橋亮,栗,里見美惠子,千代田牧場,サトノクラウン,ミエノサクシード,23102950,4,ステイゴールド,鹿毛,1,-1,0,0,11,     0,     0, 0,   0.0,0,0925540301
251214,阪神,3, 2,未勝利*,芝,1800,アクティングエリア,牝,2,和田竜二,55.0,天間昭一,美,ビッグレッドファーム,ストームファームコーポレーション,シルバーステート,クエルクス,23109090,4,フジキセキ,青鹿,2,-1,0,0,11,   406,     0, 0,   0.0,0,0925540302
251214,阪神,3, 3,未勝利*,芝,1800,サトノビダーヤ,牡,2,酒井学,56.0,高橋康之,栗,里見治,新冠橋本牧場,サトノジェネシス,バシマー,23107379,4,"Grand Lodge",鹿毛,3,-1,0,0,11,     0,     0, 0,   0.0,0,0925540303
251214,阪神,3, 4,未勝利*,芝,1800,シャドウクライ,牝,2,北村友一,55.0,杉山佳明,栗,飯塚知一,社台ファーム,アドマイヤマーズ,パールシャドウ,23103507,4,クロフネ,鹿毛,4,-1,0,0,11,     0,     0, 0,   0.0,0,0925540304
251214,阪神,3, 5,未勝利*,芝,1800,イノリ,牝,2,ジェルー,55.0,高橋康之,栗,ローレルレーシング,武田牧場,キセキ,メイユーブルーム,23106508,4,ダンスインザダーク,鹿毛,5,-1,0,0,11,     0,     0, 0,   0.0,0,0925540305
251214,阪神,3, 6,未勝利*,芝,1800,テーオーアルアイン,牡,2,松山弘平,56.0,奥村豊,栗,小笹公也,社台ファーム,アルアイン,シードラゴン,23105241,4,Siyouni,鹿毛,6,-1,0,0,11,   974,   400, 0,   0.0,0,0925540306
251214,阪神,3, 7,未勝利*,芝,1800,ラップトップ,牝,2,田山旺佑,52.0,小栗実,栗,槙和美,土居牧場,リオンリオン,ラベ,23100238,4,ダンスインザダーク,黒鹿,6,-1,0,0,11,   224,     0, 0,   0.0,0,0925540307
251214,阪神,3, 8,未勝利*,芝,1800,サーブルディアマン,牡,2,西村淳也,56.0,坂口智康,栗,吉田晴哉,追分ファーム,サトノダイヤモンド,サーブルクーリール,23103690,4,"Tale of the Cat",鹿毛,7,-1,0,0,11,   140,     0, 0,   0.0,0,0925540308
251214,阪神,3, 9,未勝利*,芝,1800,ブライトエアリー,牝,2,津村明秀,55.0,相沢郁,美,ノルマンディーサラブレッドレーシング,岡田スタツド,ウインブライト,イルジオーネ,23102362,4,ワークフォース,芦毛,7,-1,0,0,11,   550,     0, 0,   0.0,0,0925540309
251214,阪神,3,10,未勝利*,芝,1800,ヒメヒオウギ,牝,2,古川吉洋,55.0,中竹和也,栗,山口裕介,ディアレストクラブ,コントレイル,クロコスミア,23106148,4,ステイゴールド,青鹿,8,-1,0,0,11,   300,     0, 0,   0.0,0,0925540310
251214,阪神,3,11,未勝利*,芝,1800,インナーヴォイス,牡,2,吉村誠之,55.0,清水久詞,栗,村木克成,静内山田牧場,キタサンブラック,アンジュミノル,23102751,4,ルーラーシップ,鹿毛,8,-1,0,0,11,   140,     0, 0,   0.0,0,0925540311
251214,阪神,4, 1,新馬,芝,1400,ノーブルマドンナ,牝,2,松若風馬,55.0,藤野健太,栗,伊藤昭文,辻牧場,ノーブルミッション,ルミナーラ,23104917,4,ヴィクトワールピサ,鹿毛,1,-1,0,0,11,     0,     0, 0,   0.0,0,0925540401
251214,阪神,4, 2,新馬,芝,1400,テイエムスティール,牝,2,田山旺佑,52.0,高橋一哉,栗,竹園正繼,カミイスタット,リアルスティール,マルキーズ,23104034,4,ヴィクトワールピサ,鹿毛,2,-1,0,0,11,   750,   400, 0,   0.0,0,0925540402
251214,阪神,4, 3,新馬,芝,1400,アカウフリューゲル,牝,2,吉村誠之,54.0,清水久詞,栗,鈴木昌樹,アフリートファーム,キタサンブラック,ラヴバインド,23105438,4,ショウナンカンプ,鹿毛,3,-1,0,0,11,     0,     0, 0,   0.0,0,0925540403
251214,阪神,4, 4,新馬,芝,1400,ゼフィルス,牝,2,松山弘平,55.0,橋口慎介,栗,ケイズジャパン,ノーザンファーム,シスキン,ケアレスウィスパー,23106996,4,フジキセキ,黒鹿,4,-1,0,0,11,     0,     0, 0,   0.0,0,0925540404
251214,阪神,4, 5,新馬,芝,1400,メカニックバレエ,牝,2,高杉吏麒,55.0,中村直也,栗,中村伊三美,ケイアイファーム,ダノンプレミアム,エトワールブリエ,23105791,4,ロードカナロア,黒鹿,5,-1,0,0,11,   190,     0, 0,   0.0,0,0925540405
251214,阪神,4, 6,新馬,芝,1400,ギフテッドスペック,牡,2,秋山稔樹,56.0,小椋研介,栗,京都ホースレーシング,久保秀雄,ビッグアーサー,ギフトオブザラック,23102551,4,ディープインパクト,鹿毛,6,-1,0,0,11,   110,     0, 0,   0.0,0,0925540406
251214,阪神,4, 7,新馬,芝,1400,ララディアーブル,牡,2,和田竜二,56.0,松下武士,栗,フジイ興産,ヒダカフアーム,ディーマジェスティ,オールブランニュー,23101840,4,ノボジャック,栗毛,6,-1,0,0,11,   300,     0, 0,   0.0,0,0925540407
251214,阪神,4, 8,新馬,芝,1400,レジーナテンペスタ,牝,2,横山武史,55.0,前川恭子,栗,生垣博志,三石川上牧場,シルバーステート,ボールルーム,23100392,4,"Storm Cat",青鹿,7,-1,0,0,11,     0,     0, 0,   0.0,0,0925540408
251214,阪神,4, 9,新馬,芝,1400,サトノロザリー,牝,2,川田将雅,55.0,斉藤崇史,栗,里見治,ノーザンファーム,ロードカナロア,サトノアクシス,23107009,4,ディープインパクト,鹿毛,7,-1,0,0,11,     0,     0, 0,   0.0,0,0925540409
251214,阪神,4,10,新馬,芝,1400,センリョウヤクシャ,牡,2,酒井学,56.0,中尾秀正,栗,岡浩二,中央牧場,サトノダイヤモンド,チュウオーサーヤ,23106124,4,ディアブロ,鹿毛,8,-1,0,0,11,    75,     0, 0,   0.0,0,0925540410
251214,阪神,4,11,新馬,芝,1400,モヴシエラ,牡,2,坂井瑠星,56.0,新谷功一,栗,Gリビエール・レーシング,社台ファーム,レイデオロ,ノッテビアンカ,23103493,4,Kendargent,黒鹿,8,-1,0,0,11,     0,     0, 0,   0.0,0,0925540411
251214,阪神,5, 1,新馬,芝,2000,ジェラルリスト,牡,2,坂井瑠星,56.0,井上智史,栗,ノルマンディーサラブレッドレーシング,寺井文秀,ノヴェリスト,シチリアーナ,23101904,4,メイショウオウドウ,鹿毛,1,-1,0,0,6,    75,     0, 0,   0.0,0,0925540501
251214,阪神,5, 2,新馬,芝,2000,エドウィンナルコ,牡,2,松山弘平,56.0,西村真幸,栗,吉田和美,ノーザンファーム,サトノダイヤモンド,ブレステイキングルック,23107201,4,"Bated Breath",鹿毛,2,-1,0,0,6,   300,     0, 0,   0.0,0,0925540502
251214,阪神,5, 3,新馬,芝,2000,ページターナー,牡,2,川田将雅,56.0,中内田充,栗,金子真人ホールディングス,ノーザンファーム,エピファネイア,コールバック,23105287,4,"Street Sense",鹿毛,3,-1,0,0,6,   750,   400, 0,   0.0,0,0925540503
251214,阪神,5, 4,新馬,芝,2000,ブラックシャリマー,牡,2,西村淳也,56.0,杉山晴紀,栗,KRジャパン,前谷牧場,キタサンブラック,フォークレジェンド,23103246,4,Tapizar,鹿毛,4,-1,0,0,6,   190,     0, 0,   0.0,0,0925540504
251214,阪神,5, 5,新馬,芝,2000,ダノンステート,牡,2,高杉吏麒,56.0,千田輝彦,栗,ダノックス,三嶋牧場,シルバーステート,マダムヴェステル,23105024,4,"Into Mischief",鹿毛,5,-1,0,0,6,   110,     0, 0,   0.0,0,0925540505
251214,阪神,5, 6,新馬,芝,2000,レグラヴィエール,牡,2,和田竜二,56.0,浜田多実,栗,ヒダカ・ブリーダーズ・ユニオン,木部ファーム,アメリカンペイトリオット,サンヴィヴァン,23100774,4,マンハッタンカフェ,鹿毛,6,-1,0,0,6,     0,     0, 0,   0.0,0,0925540506
251214,阪神,6, 1,１勝ｸﾗｽ*,ダ,1200,モンサンゴールデン,牡,2,松山弘平,56.0,中竹和也,栗,山下新一,川島牧場,シルバーステート,ウインアンジェラス,23104044,4,Bertolini,鹿毛,1,-1,0,0,7,  1320,   400, 0,   0.0,0,0925540601
251214,阪神,6, 2,１勝ｸﾗｽ*,ダ,1200,カネコメブライト,牝,2,和田竜二,55.0,中尾秀正,栗,高岡義久,乾皆雄,レッドファルクス,セレブレイションキャット,23100014,4,"Storm Cat",芦毛,2,-1,0,0,7,   760,   400, 0,   0.0,0,0925540602
251214,阪神,6, 3,１勝ｸﾗｽ*,ダ,1200,エイシンディアマン,牝,2,松若風馬,55.0,中尾秀正,栗,栄進堂,吉永ファーム,ネロ,エイシントパーズ,23109161,4,アドマイヤムーン,黒鹿,3,-1,0,0,7,   810,   400, 0,   0.0,0,0925540603
251214,阪神,6, 4,１勝ｸﾗｽ*,ダ,1200,テーオーナタリー,牝,2,西村淳也,55.0,梅田智之,栗,小笹公也,ヤナガワ牧場,テーオーヘリオス,テーオーブルベリー,23105616,4,カジノドライヴ,栗毛,4,-1,0,0,7,   870,   400, 0,   0.0,0,0925540604
251214,阪神,6, 5,１勝ｸﾗｽ*,ダ,1200,シラヌイ,牝,2,吉村誠之,54.0,高橋亮,栗,カナヤマホールディングス,木田牧場,フィレンツェファイア,ミスティック,23105668,4,キンシャサノキセキ,黒鹿,5,-1,0,0,7,   750,   400, 0,   0.0,0,0925540605
251214,阪神,6, 6,１勝ｸﾗｽ*,ダ,1200,キンダープンシュ,牝,2,坂井瑠星,55.0,大久保龍,栗,キャロットファーム,ノーザンファーム,モーリス,グリューヴァイン,23106989,4,ゴールドアリュール,栗毛,6,-1,0,0,7,   941,   400, 0,   0.0,0,0925540606
251214,阪神,6, 7,１勝ｸﾗｽ*,ダ,1200,テーオーグレーザー,牡,2,高杉吏麒,56.0,藤岡健一,栗,小笹公也,松木加代,マテラスカイ,マリンブラスト,23104562,4,アグネスデジタル,栗毛,7,-1,0,0,7,  2220,   900, 0,   0.0,0,0925540607
251214,阪神,7, 1,１勝ｸﾗｽ・牝,ダ,1800,ミヤジテン,牝,4,秋山稔樹,56.0,南田美知,美,山口謙太郎,高村伸一,デクラレーションオブウォー,ミニョンレーヌ,21102531,4,ディープインパクト,鹿毛,1,-1,0,0,12,     0,   220, 0,   0.0,0,0925540701
251214,阪神,7, 2,１勝ｸﾗｽ・牝,ダ,1800,ニホンピロマリンバ,牝,4,田山旺佑,53.0,安達昭夫,栗,小林英一,佐竹学,ニホンピロアワーズ,ニホンピロアニカ,21103841,4,キャプテンスティーヴ,黒鹿,2,-1,0,0,12,  1070,   400, 0,   0.0,0,0925540702
251214,阪神,7, 3,１勝ｸﾗｽ・牝,ダ,1800,マハナ,牝,4,坂井瑠星,56.0,井上智史,栗,ノースヒルズ,ノースヒルズ,ハービンジャー,エレーデ,21106618,4,ディープインパクト,鹿毛,3,-1,0,0,12,  3050,   900, 0,   0.0,0,0925540703
251214,阪神,7, 4,１勝ｸﾗｽ・牝,ダ,1800,アイブリンク,牝,3,松山弘平,55.0,大久保龍,栗,中辻明,バンブー牧場,モズアスコット,バルビーナ,22100358,4,ブラックタイド,鹿毛,4,-1,0,0,12,  1048,   400, 0,   0.0,0,0925540704
251214,阪神,7, 5,１勝ｸﾗｽ・牝,ダ,1800,オーケーエンジェル,牝,3,武豊,55.0,笹田和秀,栗,小野建,矢野牧場,ナダル,キュリオスティー,22104553,4,ディープインパクト,栗毛,5,-1,0,0,12,   920,   400, 0,   0.0,0,0925540705
251214,阪神,7, 6,１勝ｸﾗｽ・牝,ダ,1800,コンテナライン,牝,3,松若風馬,55.0,高柳大輔,栗,住谷孝一,レイクヴィラファーム,ドゥラメンテ,アイヴィベル,22105954,4,Archarcharch,黒鹿,5,-1,0,0,12,   723,   400, 0,   0.0,0,0925540706
251214,阪神,7, 7,１勝ｸﾗｽ・牝,ダ,1800,パシフィックハイ,牝,4,吉村誠之,55.0,杉山佳明,栗,谷掛龍夫,社台ファーム,キタサンブラック,デロングスター,21105141,4,ヴィクトワールピサ,青鹿,6,-1,0,0,12,  2206,   400, 0,   0.0,0,0925540707
251214,阪神,7, 8,１勝ｸﾗｽ・牝,ダ,1800,ヒラリーステップ,牝,5,森田誠也,53.0,天間昭一,美,ビッグレッドファーム,上山牧場,ホッコータルマエ,サラファン,20100652,4,アグネスタキオン,鹿毛,6,-1,0,0,12,  1836,   400, 0,   0.0,0,0925540708
251214,阪神,7, 9,１勝ｸﾗｽ・牝,ダ,1800,イフリーティア,牝,3,西村淳也,55.0,茶木太樹,栗,鈴木剛史,小倉光博,ディスクリートキャット,エヴリホープ,22103649,4,Mineshaft,鹿毛,7,-1,0,0,12,   680,   400, 0,   0.0,0,0925540709
251214,阪神,7,10,１勝ｸﾗｽ・牝,ダ,1800,エコロカレン,牝,4,酒井学,56.0,秋山真一,栗,原村正紀,岡田スタツド,ロージズインメイ,エレガンテココ,21103484,4,ブラックホーク,青鹿,7,-1,0,0,12,  1410,   400, 0,   0.0,0,0925540710
251214,阪神,7,11,１勝ｸﾗｽ・牝,ダ,1800,ラテライト,牝,3,菱田裕二,55.0,松下武士,栗,G1レーシング,社台コーポレーション白老ファーム,ブリックスアンドモルタル,サルサドゥーラ,22105794,4,ゴールドアリュール,鹿毛,8,-1,0,0,12,  1080,     0, 0,   0.0,0,0925540711
251214,阪神,7,12,１勝ｸﾗｽ・牝,ダ,1800,アロマフェリス,牝,3,横山武史,55.0,辻野泰之,栗,キャロットファーム,ノーザンファーム,レイデオロ,アロマドゥルセ,22104624,4,ディープインパクト,黒鹿,8,-1,0,0,12,  1294,     0, 0,   0.0,0,0925540712
251214,阪神,8, 1,２勝ｸﾗｽ,ダ,1200,スリーピース,セ,3,横山武史,57.0,武井亮,美,スリーレーシング,ノーザンファーム,ミッキーアイル,ビバリーヒルズ,22104972,4,スニッツェル,栗毛,1,-1,0,0,11,  3540,   900, 0,   0.0,0,0925540801
251214,阪神,8, 2,２勝ｸﾗｽ,ダ,1200,フォルティーナ,牝,5,太宰啓介,56.0,石橋守,栗,猪又晶介,山野牧場,ミッキーアイル,ワンダフルタイム,20100530,4,サウスヴィグラス,栗毛,2,-1,0,0,11,  1959,   900, 0,   0.0,0,0925540802
251214,阪神,8, 3,２勝ｸﾗｽ,ダ,1200,ヨシノヤッタルデー,牡,4,池添謙一,58.0,中竹和也,栗,清水義徳,川向高橋育成牧場,ファインニードル,ナムラバイオレット,21102336,4,チーフベアハート,鹿毛,3,-1,0,0,11,  2230,   900, 0,   0.0,0,0925540803
251214,阪神,8, 4,２勝ｸﾗｽ,ダ,1200,ディーエスショウマ,牡,3,ジェルー,57.0,橋口慎介,栗,石橋充教,小林正仁,ディスクリートキャット,ティアップアーリー,22100226,4,ゴールドアリュール,栗毛,4,-1,0,0,11,  1542,   900, 0,   0.0,0,0925540804
251214,阪神,8, 5,２勝ｸﾗｽ,ダ,1200,フェリ,牝,5,田山旺佑,53.0,佐々木晶,栗,ヒダカ・ブリーダーズ・ユニオン,協和牧場,ヘニーヒューズ,キョウワフェアリー,20105156,4,アルカセット,栗毛,5,-1,0,0,11,  2144,   900, 0,   0.0,0,0925540805
251214,阪神,8, 6,２勝ｸﾗｽ,ダ,1200,プロテア,セ,5,森田誠也,55.0,宮本博,栗,稲場澄,桜井牧場,ロードカナロア,ナスケンアイリス,20104206,4,フレンチデピュティ,鹿毛,6,-1,0,0,11,  1930,   930, 0,   0.0,0,0925540806
251214,阪神,8, 7,２勝ｸﾗｽ,ダ,1200,クーデール,牝,3,吉村誠之,54.0,坂口智康,栗,中村伊三美,ケイアイファーム,ロードカナロア,フラーティングアウェイ,22100648,4,"Distorted Humor",鹿毛,6,-1,0,0,11,  3120,  1500, 0,   0.0,0,0925540807
251214,阪神,8, 8,２勝ｸﾗｽ,ダ,1200,スペシャルナンバー,牡,6,西村淳也,58.0,西村真幸,栗,ヒダカ・ブリーダーズ・ユニオン,辻牧場,リオンディーズ,エスジーアンクル,19103825,4,シニスターミニスター,黒鹿,7,-1,0,0,11,  3465,   560, 0,   0.0,0,0925540808
251214,阪神,8, 9,２勝ｸﾗｽ,ダ,1200,ディキシーガンナー,牡,5,川田将雅,58.0,中内田充,栗,ゴドルフィン,"J. D. Stuart P. C. Bance AR Enterprises G. Todaro","Gun Runner","Dixie Crisp",20110031,4,"Dixieland Band",鹿毛,7,-1,0,0,11,  5040,   900, 0,   0.0,0,0925540809
251214,阪神,8,10,２勝ｸﾗｽ,ダ,1200,フィドルファドル,牝,3,坂井瑠星,55.0,矢作芳人,栗,キャロットファーム,ノーザンファーム,サトノアラジン,ヴィートマルシェ,22104674,4,フレンチデピュティ,鹿毛,8,-1,0,0,11,  2781,   900, 0,   0.0,0,0925540810
251214,阪神,8,11,２勝ｸﾗｽ,ダ,1200,ゼンノツキヨミ,牝,4,高杉吏麒,56.0,秋山真一,栗,大迫久美子,村上欽哉,ロードカナロア,クーファディーヴァ,21106983,4,Frankel,鹿毛,8,-1,0,0,11,  2804,   900, 0,   0.0,0,0925540811
251214,阪神,9, 1,オリオン･3勝,芝,2200,オールセインツ,牡,4,坂井瑠星,58.0,友道康夫,栗,平田修,社台ファーム,キズナ,エアシンフォニー,21104971,4,ルーラーシップ,黒鹿,1,-1,0,0,15,  4508,  1500, 0,   0.0,0,0925540901
251214,阪神,9, 2,オリオン･3勝,芝,2200,フェミナフォルテ,牝,5,岩田康誠,56.0,小島茂之,美,ノルマンディーサラブレッドレーシング,岡田スタツド,エピファネイア,ナンヨーユナ,20103920,4,ジャングルポケット,芦毛,2,-1,0,0,15,  3549,  1500, 0,   0.0,0,0925540902
251214,阪神,9, 3,オリオン･3勝,芝,2200,イケイケドンドン,牡,5,吉村誠之,58.0,松山将樹,美,新井原博,川上牧場,ワールドエース,ラスリーズ,20107121,4,ブライアンズタイム,鹿毛,2,-1,0,0,15,  4406,  1500, 0,   0.0,0,0925540903
251214,阪神,9, 4,オリオン･3勝,芝,2200,エコロディノス,牡,3,池添謙一,56.0,大久保龍,栗,原村正紀,ノーザンファーム,キタサンブラック,ミスティックリップス,22105073,4,Generous,黒鹿,3,-1,0,0,15,  5910,  2400, 0,   0.0,0,0925540904
251214,阪神,9, 5,オリオン･3勝,芝,2200,メイショウゲキリン,牡,6,西塚洸二,58.0,笹田和秀,栗,松本好隆,三嶋牧場,キズナ,メイショウスズラン,19104092,4,キングカメハメハ,黒鹿,3,-1,0,0,15,  8917,  1500, 0,   0.0,0,0925540905
251214,阪神,9, 6,オリオン･3勝,芝,2200,タガノデュード,牡,4,古川吉洋,58.0,宮徹,栗,八木良司,新冠タガノファーム,ヤマカツエース,タガノミューチャン,21106548,4,ハーツクライ,鹿毛,4,-1,0,0,15,  8603,  1500, 0,   0.0,0,0925540906
251214,阪神,9, 7,オリオン･3勝,芝,2200,ハギノアルデバラン,牡,5,川田将雅,58.0,佐藤悠太,栗,安岡美津子,村下明博,ジャスタウェイ,ハギノアーク,20100976,4,アドマイヤムーン,黒鹿,4,-1,0,0,15,  5336,  1500, 0,   0.0,0,0925540907
251214,阪神,9, 8,オリオン･3勝,芝,2200,ヒロノラメール,牡,4,西村淳也,58.0,宮地貴稔,栗,高原将浩,千代田牧場,キズナ,トウシンハンター,21104131,4,エンパイアメーカー,黒鹿,5,-1,0,0,15,  5334,  1500, 0,   0.0,0,0925540908
251214,阪神,9, 9,オリオン･3勝,芝,2200,コスモフロイデ,牡,6,田口貫太,58.0,天間昭一,美,ビッグレッドファーム,折手牧場,コパノリッキー,レスタンノール,19102937,4,ステイゴールド,栗毛,5,-1,0,0,15,  5934,  1500, 0,   0.0,0,0925540909
251214,阪神,9,10,オリオン･3勝,芝,2200,ミッキーゴールド,セ,3,松山弘平,56.0,池江泰寿,栗,野田みづき,ノーザンファーム,リアルスティール,グローバルビューティ,22104765,4,"Global Hunter",鹿毛,6,-1,0,0,15,  4764,  1500, 0,   0.0,0,0925540910
251214,阪神,9,11,オリオン･3勝,芝,2200,エイカイマッケンロ,セ,6,高杉吏麒,58.0,藤原英昭,栗,二木英実,社台ファーム,ロードカナロア,ダイワミランダ,19104800,4,ハービンジャー,鹿毛,6,-1,0,0,15,  7960,  1500, 0,   0.0,0,0925540911
251214,阪神,9,12,オリオン･3勝,芝,2200,レミージュ,牝,5,北村友一,56.0,井上智史,栗,ノースヒルズ,ノースヒルズ,キズナ,バイコースタル,20105642,4,"Gone West",青毛,7,-1,0,0,15,  6779,  1500, 0,   0.0,0,0925540912
251214,阪神,9,13,オリオン･3勝,芝,2200,ミアステラ,セ,6,秋山稔樹,58.0,大根田裕,栗,奥裕嗣,宮内牧場,ドゥラメンテ,リュヌドサーブル,19104126,4,Medicean,栗毛,7,-1,0,0,15,  3609,  1500, 0,   0.0,0,0925540913
251214,阪神,9,14,オリオン･3勝,芝,2200,ダノンフロイデ,牡,6,津村明秀,58.0,坂口智康,栗,ダノックス,三嶋牧場,キングカメハメハ,マイグッドネス,19104080,4,"Storm Cat",黒鹿,8,-1,0,0,15,  5665,  1500, 0,   0.0,0,0925540914
251214,阪神,9,15,オリオン･3勝,芝,2200,ガジュノリ,牝,4,横山武史,56.0,尾形和幸,美,中谷典生,チャンピオンズファーム,サトノダイヤモンド,ガジュマル,21101724,4,ヴィクトワールピサ,鹿毛,8,-1,0,0,15,  5482,  1500, 0,   0.0,0,0925540915
251214,阪神,10, 1,竹田城Ｈ･3勝,ダ,2000,キュールエフウジン,牡,6,松若風馬,55.0,中尾秀正,栗,岡本良三,木下牧場,ホッコータルマエ,キュールエアリス,19102983,4,ウォーエンブレム,黒鹿,1,-1,0,0,16,  5872,  1500, 0,   0.0,0,0925541001
251214,阪神,10, 2,竹田城Ｈ･3勝,ダ,2000,テスティモーネ,牡,3,古川吉洋,56.0,大根田裕,栗,宮川純造,カタオカフアーム,ドレフォン,ワイズアンサー,22103686,4,サウスヴィグラス,鹿毛,1,-1,0,0,16,  4470,  1500, 0,   0.0,0,0925541002
251214,阪神,10, 3,竹田城Ｈ･3勝,ダ,2000,ヨリノサファイヤ,牝,5,酒井学,51.0,根本康広,美,辻子依旦,ヤナガワ牧場,コパノリッキー,コパノタイマネ,20102315,4,クロフネ,栗毛,2,-1,0,0,16,  4232,  1500, 0,   0.0,0,0925541003
251214,阪神,10, 4,竹田城Ｈ･3勝,ダ,2000,ルージュアベリア,牝,4,坂井瑠星,53.0,加藤士津,美,東京ホースレーシング,社台ファーム,キズナ,シアードラマ,21105058,4,"Burning Roma",青鹿,2,-1,0,0,16,  4370,  1500, 0,   0.0,0,0925541004
251214,阪神,10, 5,竹田城Ｈ･3勝,ダ,2000,サイモンブーケ,牝,5,西塚洸二,52.0,梅田智之,栗,澤田昭紀,ヤナガワ牧場,ダイワメジャー,サイモンガーランド,20102317,4,ロージズインメイ,栗毛,3,-1,0,0,16,  3463,  1180, 0,   0.0,0,0925541005
251214,阪神,10, 6,竹田城Ｈ･3勝,ダ,2000,メイショウミカワ,牡,7,太宰啓介,55.0,千田輝彦,栗,松本好隆,林孝輝,ミッキーアイル,メイショウボナール,18106458,4,ホワイトマズル,栗毛,3,-1,0,0,16,  9426,  1600, 0,   0.0,0,0925541006
251214,阪神,10, 7,竹田城Ｈ･3勝,ダ,2000,コスモジンバック,牡,4,津村明秀,54.0,相沢郁,美,ビッグレッドファーム,ビッグレッドファーム,"Good Magic",ディスポーザブルプレジャー,21106797,4,Giacomo,芦毛,4,-1,0,0,16,  4600,  1500, 0,   0.0,0,0925541007
251214,阪神,10, 8,竹田城Ｈ･3勝,ダ,2000,レッドプロフェシー,牡,5,田口貫太,56.0,大久保龍,栗,東京ホースレーシング,下河辺牧場,ルーラーシップ,トリニティプレイス,20101579,4,マンハッタンカフェ,鹿毛,4,-1,0,0,16,  5245,  1500, 0,   0.0,0,0925541008
251214,阪神,10, 9,竹田城Ｈ･3勝,ダ,2000,シャルクハフト,牡,3,吉村誠之,55.0,清水久詞,栗,林正道,ノーザンファーム,リアルスティール,クィーンズベスト,22104745,4,ワークフォース,鹿毛,5,-1,0,0,16,  4434,  1500, 0,   0.0,0,0925541009
251214,阪神,10,10,竹田城Ｈ･3勝,ダ,2000,ジャスパーグレイト,牡,6,川田将雅,57.0,森秀行,栗,加藤和夫,"Jamm Ltd.",Arrogate,"Shop Again",19110088,4,"Wild Again",芦毛,5,-1,0,0,16,  7654,  1600, 0,   0.0,0,0925541010
251214,阪神,10,11,竹田城Ｈ･3勝,ダ,2000,ノットイナフ,牡,4,和田竜二,56.0,浜田多実,栗,ノースヒルズ,ノースヒルズ,マジェスティックウォリアー,クライミングローズ,21106625,4,マンハッタンカフェ,黒鹿,6,-1,0,0,16,  4595,  1500, 0,   0.0,0,0925541011
251214,阪神,10,12,竹田城Ｈ･3勝,ダ,2000,ワンパット,牡,4,菱田裕二,55.0,高橋亮,栗,寺田寿男,谷川牧場,シニスターミニスター,ヒラボクビジン,21102903,4,ブライアンズタイム,鹿毛,6,-1,0,0,16,  4766,  1500, 0,   0.0,0,0925541012
251214,阪神,10,13,竹田城Ｈ･3勝,ダ,2000,ロードプレジール,牡,7,高杉吏麒,55.0,佐藤悠太,栗,ロードホースクラブ,ケイアイファーム,キングカメハメハ,キャトルフィーユ,18102576,4,ディープインパクト,黒鹿,7,-1,0,0,16,  8066,  2400, 0,   0.0,0,0925541013
251214,阪神,10,14,竹田城Ｈ･3勝,ダ,2000,ゲンパチムサシ,牡,7,北村友一,54.0,佐々木晶,栗,平野武志,前田ファーム,ドゥラメンテ,ティアランドール,18102832,4,"Action This Day",鹿毛,7,-1,0,0,16,  4214,  1500, 0,   0.0,0,0925541014
251214,阪神,10,15,竹田城Ｈ･3勝,ダ,2000,ロードマゼラン,セ,6,渡辺竜也,55.0,奥村豊,栗,ロードホースクラブ,ケイアイファーム,ルーラーシップ,レディカーニバル,19103036,4,"Giant's Causeway",青鹿,8,-1,0,0,16,  5457,  1500, 0,   0.0,0,0925541015
251214,阪神,10,16,竹田城Ｈ･3勝,ダ,2000,リューデスハイム,牡,4,西村淳也,55.0,牧田和弥,栗,キャロットファーム,ノーザンファーム,ニューイヤーズデイ,グリューヴァイン,21105508,4,ゴールドアリュール,鹿毛,8,-1,0,0,16,  5093,  1500, 0,   0.0,0,0925541016
251214,阪神,11, 1,阪神ジュG1,芝,1600,アンヘリータス,牝,2,ジェルー,55.0,吉村圭司,栗,KRジャパン,本田土寿,ニューイヤーズデイ,ファッチョイオ,23109164,4,"Bated Breath",鹿毛,1,-1,0,0,18,  2150,   900, 0,   0.0,0,0925541101
251214,阪神,11, 2,阪神ジュG1,芝,1600,レディーゴール,牝,2,松若風馬,55.0,池添学,栗,スリーエイチレーシング,下河辺牧場,レイデオロ,ケアレディー,23100917,4,"Equal Stripes",鹿毛,1,-1,0,0,18,   855,   400, 0,   0.0,0,0925541102
251214,阪神,11, 3,阪神ジュG1,芝,1600,ミツカネベネラ,牝,2,津村明秀,55.0,鈴木伸尋,美,小山田満,細川農場,モーリス,ナスカザン,23104523,4,ダイワメジャー,鹿毛,2,-1,0,0,18,  1950,  1000, 0,   0.0,0,0925541103
251214,阪神,11, 4,阪神ジュG1,芝,1600,アランカール,牝,2,北村友一,55.0,斉藤崇史,栗,キャロットファーム,ノーザンファーム,エピファネイア,シンハライト,23107046,4,ディープインパクト,鹿毛,2,-1,0,0,18,  3000,  1000, 0,   0.0,0,0925541104
251214,阪神,11, 5,阪神ジュG1,芝,1600,ギャラボーグ,牝,2,川田将雅,55.0,杉山晴紀,栗,ロードホースクラブ,ケイアイファーム,ロードカナロア,レキシールー,23105825,4,"Sligo Bay",鹿毛,3,-1,0,0,18,  3460,  1700, 0,   0.0,0,0925541105
251214,阪神,11, 6,阪神ジュG1,芝,1600,アルバンヌ,牝,2,坂井瑠星,55.0,田中博康,美,橋元勇氣,ノーザンファーム,アドマイヤマーズ,プティフォリー,23105327,4,Australia,栗毛,3,-1,0,0,18,  1970,   900, 0,   0.0,0,0925541106
251214,阪神,11, 7,阪神ジュG1,芝,1600,マーゴットラヴミー,牝,2,武豊,55.0,小林真也,栗,前田良平,レイクヴィラファーム,リアルスティール,キャントバイミーラヴ,23103889,4,"War Front",鹿毛,4,-1,0,0,18,  1860,   900, 0,   0.0,0,0925541107
251214,阪神,11, 8,阪神ジュG1,芝,1600,ヒズマスターピース,牝,2,藤岡佑介,55.0,国枝栄,美,木村牧場,木村牧場,スクリーンヒーロー,イプスウィッチ,23105714,4,"Danehill Dancer",栗毛,4,-1,0,0,18,  1670,   900, 0,   0.0,0,0925541108
251214,阪神,11, 9,阪神ジュG1,芝,1600,スターアニス,牝,2,松山弘平,55.0,高野友和,栗,吉田勝己,ノーザンファーム,ドレフォン,エピセアローム,23106920,4,ダイワメジャー,栗毛,5,-1,0,0,18,  8335,  4250, 0,   0.0,0,0925541109
251214,阪神,11,10,阪神ジュG1,芝,1600,イヌボウノウタゴエ,牝,2,酒井学,55.0,西田雄一,美,嶋田賢,服部牧場,シスキン,ドーバーブリーズ,23103086,4,Frankel,鹿毛,5,-1,0,0,18,   670,   400, 0,   0.0,0,0925541110
251214,阪神,11,11,阪神ジュG1,芝,1600,スウィートハピネス,牝,2,高杉吏麒,55.0,北出成人,栗,前田幸大,平山牧場,リアルインパクト,フラル,23104475,4,ワークフォース,栗毛,6,-1,0,0,18,  2170,   400, 0,   0.0,0,0925541111
251214,阪神,11,12,阪神ジュG1,芝,1600,メイプルハッピー,牝,2,岩田康誠,55.0,北出成人,栗,節英司,パカパカファーム,サトノクラウン,レナーナ,23106375,4,スクリーンヒーロー,黒鹿,6,-1,0,0,18,   860,   400, 0,   0.0,0,0925541112
251214,阪神,11,13,阪神ジュG1,芝,1600,フロムレイブン,牝,2,吉村誠之,55.0,坂口智康,栗,窪田芳郎,ゼットステーブル,タワーオブロンドン,キャノピーウォーク,23103836,4,ロードカナロア,栗毛,7,-1,0,0,18,   860,   400, 0,   0.0,0,0925541113
251214,阪神,11,14,阪神ジュG1,芝,1600,スタニングレディ,牝,2,和田竜二,55.0,高木登,美,サラブレッドクラブ・ラフィアン,ビッグレッドファーム,ベンバトル,フォクシーレディ,23106469,4,ディープインパクト,鹿毛,7,-1,0,0,18,   750,   400, 0,   0.0,0,0925541114
251214,阪神,11,15,阪神ジュG1,芝,1600,ラスティングスノー,牝,2,菱田裕二,55.0,池上昌和,美,矢野秀春,矢野牧場,モズアスコット,プレザントブリーズ,23103293,4,マンハッタンカフェ,栗毛,7,-1,0,0,18,  1970,   900, 0,   0.0,0,0925541115
251214,阪神,11,16,阪神ジュG1,芝,1600,ローズカリス,牝,2,田口貫太,55.0,大橋勇樹,栗,水谷光太郎,友田牧場,カリフォルニアクローム,シェーンリート,23102991,4,ヘニーヒューズ,黒鹿,8,-1,0,0,18,  2220,   900, 0,   0.0,0,0925541116
251214,阪神,11,17,阪神ジュG1,芝,1600,タイセイボーグ,牝,2,西村淳也,55.0,松下武士,栗,田中成奉,ノーザンファーム,インディチャンプ,ヴィヤダーナ,23106900,4,Azamour,鹿毛,8,-1,0,0,18,  4920,  1000, 0,   0.0,0,0925541117
251214,阪神,11,18,阪神ジュG1,芝,1600,ショウナンカリス,牝,2,池添謙一,55.0,加藤士津,美,国本哲秀,ノーザンファーム,リアルスティール,ロシアンサモワール,23105347,4,"American Pharoah",鹿毛,8,-1,0,0,18,  2674,  1000, 0,   0.0,0,0925541118
251214,阪神,12, 1,甲東特別･2勝,芝,1600,ダノンキラウェア,牡,4,川田将雅,58.0,中内田充,栗,ダノックス,ケイアイファーム,ロードカナロア,レキシールー,21100171,4,"Sligo Bay",鹿毛,1,-1,0,0,10,  3495,   900, 0,   0.0,0,0925541201
251214,阪神,12, 2,甲東特別･2勝,芝,1600,ブライティアダイヤ,牝,4,岩田康誠,56.0,稲垣幸雄,美,小林昌志,雅牧場,サトノアラジン,ブライティアナイル,21102468,4,アドマイヤベガ,黒鹿,2,-1,0,0,10,  1889,   900, 0,   0.0,0,0925541202
251214,阪神,12, 3,甲東特別･2勝,芝,1600,マルカオペラ,牝,4,津村明秀,56.0,浜田多実,栗,日下部猛,社台ファーム,ハービンジャー,エトワールドパリ,21104978,4,クロフネ,栗毛,3,-1,0,0,10,  3807,   900, 0,   0.0,0,0925541203
251214,阪神,12, 4,甲東特別･2勝,芝,1600,トーホウガレオン,牡,5,田口貫太,58.0,谷潔,栗,東豊物産,ノーザンファーム,リアルスティール,デビルズコーナー,20103499,4,Songandaprayer,鹿毛,4,-1,0,0,10,  5500,   900, 0,   0.0,0,0925541204
251214,阪神,12, 5,甲東特別･2勝,芝,1600,シホノペルフェット,牡,3,ジェルー,57.0,寺島良,栗,村瀬寛紀,ノーザンファーム,マジェスティックウォリアー,アンソロジー,22104627,4,サクラバクシンオー,鹿毛,5,-1,0,0,10,  1748,   900, 0,   0.0,0,0925541205
251214,阪神,12, 6,甲東特別･2勝,芝,1600,テラステラ,牡,5,坂井瑠星,58.0,矢作芳人,栗,広尾レース,木村秀則,モーリス,ステラリード,20104083,4,スペシャルウィーク,鹿毛,6,-1,0,0,10,  6900,   900, 0,   0.0,0,0925541206
251214,阪神,12, 7,甲東特別･2勝,芝,1600,ウォータークラーク,牡,3,武豊,57.0,石橋守,栗,山岡正人,本巣敦,ウォータービルド,クリアーパッション,22103345,4,キングヘイロー,鹿毛,7,-1,0,0,10,  3320,   900, 0,   0.0,0,0925541207
251214,阪神,12, 8,甲東特別･2勝,芝,1600,ネーヴェフレスカ,牝,3,北村友一,55.0,石坂公一,栗,キャロットファーム,社台コーポレーション白老ファーム,ニューイヤーズデイ,グランデアモーレ,22105783,4,ネオユニヴァース,芦毛,7,-1,0,0,10,  4182,  1500, 0,   0.0,0,0925541208
251214,阪神,12, 9,甲東特別･2勝,芝,1600,ルクスジニア,牝,3,池添謙一,55.0,平田修,栗,ルクス,ノーザンファーム,キズナ,サトノアリシア,22104784,4,ハービンジャー,鹿毛,8,-1,0,0,10,  3001,   900, 0,   0.0,0,0925541209
251214,阪神,12,10,甲東特別･2勝,芝,1600,プチプラージュ,牝,3,渡辺竜也,55.0,笹野博司,地,小濱正智,武牧場,ストロングリターン,ラッシュストーム,22104050,4,ザール,青鹿,8,-1,0,0,10,     0,   980, 0,   0.0,0,0925541210
